;Pesquisador;Título;;;;;;;;;;;;;;;;;;;;;;;
0;Adriano Jose Ferruzzi;Análise do Comportamento de Aplicações Paralelas em Ambientes de Computação de Alto Desempenho Virtualizados Análise Preditiva de Mensagens Falsas em Redes Sociais Relacionados à Vacina de Covid-19 Cyber Security Information: aplicação web para a democratização do acesso aos conteúdos relacionados à cibersegurança Detecção de Ataques DDoS por Meio de Aprendizado de Máquina Detecção de Ataques DDoS por Meio de Aprendizado de Máquina Mineração de dados de feedbacks de clientes por meio da apresentação de nuvem de palavras SARS-CoV-2 receptor is co-expressed with elements of the kinin-kallikrein, renin-angiotensin and coagulation systems in alveolar cells;;;;;;;;;;;;;;;;;;;;;;;
1;Alessandra da Silva Carneiro;SOUSÂNDRADE EM NOVA IORQUE: FIGURAÇÕES DA MULHER E DO MOVIMENTO FREE LOVE NO POEMA ?O GUESA? Uma leitura do republicanismo na poesia Sousândrade / A Reading of Republicanism in Sousândrade?s Poetry;;;;;;;;;;;;;;;;;;;;;;;
2;Alessandro Emilio Teruzzi;As ideias fundamentais do cálculo integral no ensino médio: um diálogo entre história da matemática e tecnologia;;;;;;;;;;;;;;;;;;;;;;;
3;Alex Sandro Rodrigues Ancioto;A virtual reality simulator to assist in memory management lectures Análise de aspectos motivacionais de um simulador para o ensino do algoritmo de escalonamento de disco Motivational evaluation of a virtual reality simulator to teach disk-scheduling algorithms for solid-state drives (SSDs) Simulator for Teaching Magnetic Disk Scheduling Algorithms;;;;;;;;;;;;;;;;;;;;;;;
4;Alexandre José Romagnoli;A APURAÇÃO DO CUSTO DE PRODUÇÃO DE ALFACE CRESPA NO SISTEMA AGROECOLÓGICO COMO FERRAMENTA DE GESTÃO FINANCEIRA PARA O PRODUTOR RURAL Atores, interesses e ideias em disputa no Subsistema da Política Nacional de Habitação Social no Brasil Da Assembleia Nacional Constituinte ao Sistema Nacional de Habitação de Interesse Social: uma análise do Subsistema da Habitação Popular INDICADORES DE ATENÇÃO GOVERNAMENTAL E AGENDA EDUCACIONAL: UMA ANÁLISE DOS RELATÓRIOS DAS CONFERÊNCIAS NACIONAIS DE EDUCAÇÃO (2010-2018) O papel da Coalizão da Moradia Popular na institucionalização da Política Nacional da Habitação Social no Brasil (1987-2024);;;;;;;;;;;;;;;;;;;;;;;
5;Alexandre Machado Rosa;Revisitando a controvérsia sobre raça, eugenia e Educação Física na obra de Fernando de Azevedo: uma nova visão sobre miscigenação e seu papel na construção de uma nação;;;;;;;;;;;;;;;;;;;;;;;
6;Ana Carolina Vila Ramos dos Santos;?Juventude, Participação Política e Feminismo na periferia de uma grande cidade: o que as meninas tem a dizer? Becoming a Feminist in the 21st Century: Teen Feminism and Globalization Feminismo teen e religiosidade: proximidades e afastamentos na conformação de uma ética feminista Feminismo teen e religiosidade: proximidades e afastamentos na conformação de uma ética feminista. Feminismo teen e youtubers: feminismo na adolescência em tempos de redes sociais FEMINISTA, EU? RESENHA DO LIVRO DE HELOISA BUARQUE DE HOLLANDA Música de massa e sentidos do feminino: Marília Mendonça e ?feminização da cultura? OBSERVATÓRIO DE POLÍTICAS PÚBLICAS: DISCUSSÕES SOBRE ACESSO E PERMANÊNCIA NA EDUCAÇÃO BÁSICA NO NOROESTE PAULISTANO OFICINA SOBRE VIOLÊNCIA CONTRA A MULHER NO ÂMBITO DO PROJETO MULHERES IFSP: UM RELATO DE ESCUTA PARA ?ABRIR? GÊNERO: RAÇA, CORPOREIDADE E SEXUALIDADE COMO TENSÕES TEÓRICAS E POLÍTICAS PRODUTIVAS PARA O FEMINISMO Resenha MISKOLCI, R. Batalhas Morais. Política Identitária Na Esfera Pública Técnico-Midiatizada. Belo Horizonte: Autêntica Editora, 2021, 112p Resenha: BISPO, R. Rainhas do Rebolado: carreiras artísticas e sensibilidades femininas no mundo televisivo.;;;;;;;;;;;;;;;;;;;;;;;
7;Ana Claudia Folha da Cruz;Infância, gênero e ciência: análise de possibilidades e desafios da estratégia de oficinas pedagógicas na discussão sobre gênero e profissão Periferia, lutas e memórias;;;;;;;;;;;;;;;;;;;;;;;
8;Ana Márcia Lima Costa;Reflexões sobre possíveis impactos da pandemia na continuidade da escolarização de estudantes em cursos de Ensino Médio de escolas públicas técnicas de educação profissional;;;;;;;;;;;;;;;;;;;;;;;
9;Ana Paula Rodrigues Magalhães de Barros;APRENDIZADOS DA PRÁTICA DOCENTE DE UMA ESTUDANTE DO PIBID NA ESCOLA APRENDIZADOS DOCENTES DE EGRESSOS DO PIBID DO IFSP- CAMPUS HORTOLÂNDIA CARTAS ESCRITAS EM AULA DE MATEMÁTICA: AVALIAÇÃO INFORMAL E FORMATIVA Indícios de apropriações das tecnologias digitais: reflexões sobre práticas de professores que se (re)inventaram na pandemia O ENSINO DE FRAÇÃO A PARTIR DE UM MÉTODO EGÍPCIO: POSSIBILIDADES EM UM CENÁRIO PARA INVESTIGAÇÃO Potencialidades de uma tarefa com produção de vídeo planejada no contexto do ensino remoto emergencial PROVAS E DEMONSTRAÇÕES MATEMÁTICAS EM UM LIVRO DIDÁTICO: REFLEXÕES PARA O(A) PROFESSOR(A) QUE ENSINA MATEMÁTICA REFLEXÕES DA CONSTITUIÇÃO DOCENTE A PARTIR DE UMA EXPERIÊNCIA DE FORMAÇÃO NO GPEMATEC Teaching practices in a context of adapting to Emergency Remote Teaching: contributions from Cybereducation with digital videos Um Olhar para a (Re)Constituição de Práticas Culturais de Estudantes com a Internet em um Ambiente Híbrido UM OLHAR PARA A PRÁTICA DOCENTE NO ENSINO REMOTO A PARTIR DE UMA EXPERIÊNCIA COLABORATIVA UM OLHAR PARA A REALIDADE DA PESSOA COM DEFICIÊNCIA SOB O PARADIGMA INCLUSIVO Um olhar para uma experiência no programa de residência pedagógica no âmbito da disciplina de prática docente Understanding a Brazilian High School Blended Learning Environment from the Perspective of Complex Systems;;;;;;;;;;;;;;;;;;;;;;;
10;André Luiz Favareto;Integrated Solution for Evaluating Emotional Expressions in Learning Management Systems Uma Revisão da Literatura sobre Soluções Ligadas às Expressões Emocionais em Ambientes Virtuais de Aprendizagem;;;;;;;;;;;;;;;;;;;;;;;
11;Andréa Antonieta Cotrim Silva;DO -ROSA E AZUL- AO -ELAS NÃO SE DEPILAM-: NUANCES DO FEMININO NO ATUAL GOVERNO BRASILEIRO Letramento Crítico (Visual e Racial): Desconstruindo representações unívocas e suas violências O pensamento fraco e a esquerda brasileira: entrevista com o filósofo italiano Gianni Vattimo;;;;;;;;;;;;;;;;;;;;;;;
12;Ariane Macedo Melo Ferraz;Design educacional complexo: Percepções sobre sua contribuição para o ensino-aprendizagem de línguas;;;;;;;;;;;;;;;;;;;;;;;
13;Beatriz Ferraz Diniz;O DISCURSO SOBRE A VADIAGEM NA PRAÇA DA SÉ (SP);;;;;;;;;;;;;;;;;;;;;;;
14;Bruno Secco Faquin;Prediction of ball direction in soccer penalty through kinematic analysis of the kicker;;;;;;;;;;;;;;;;;;;;;;;
15;Bruno Sérgio do Amaral;(S</i>)-ML-SA1 Activates Autophagy via TRPML1-TFEB Pathway A coleta seletiva no IFSP Câmpus São Paulo Pirituba: diagnóstico, implementação e educação ambiental Assessment of the Effects of Harvesting Period of Clusia fluminensis</i> Planch. and Triana Fruits on Neutralization of the Toxic Activities of Bothrops jararacussu</i> Snake Venom Direct Assay to Evaluate Phosphoenolpyruvate Carboxykinase Activity IMOBILIZAÇÃO ENZIMÁTICA: CONCEITO E EFEITOS NA PROTEÓLISE Inhibition of Leishmania amazonensis arginase by fucogalactan isolated from Agrocybe aegerita mushroom Integrated analytical workflow for chromatographic profiling and metabolite annotation of a cytotoxic Phorbas amaranthus extract Levetiracetam analogs: chemoenzymatic synthesis, absolute configuration assignment and evaluation of cholinesterase inhibitory activities Marine Octocoral Phyllogorgia dilatata: Identification of Sesquiterpenes and Activity as a Natural and Renewable Corrosion Inhibitor New substances of Equisetum hyemale L. extracts and their in vivo antitumoral effect against oral squamous cell carcinoma Phosphoenolpyruvate carboxykinase from T. cruzi magnetic beads affinity-based screening assays on crude plant extracts from Brazilian Cerrado The Brazilian octocoral Phyllogorgia dilatata as a source of cytotoxic compounds Umbu Fruit Peel as Source of Antioxidant, Antimicrobial and ?-Amylase Inhibitor Compounds;;;;;;;;;;;;;;;;;;;;;;;
16;Bárbara Beatriz Freitag;Análise do Termo Talento em Diferentes Áreas do Conhecimento Análise Sobre o Termo Talento em Diferentes Áreas do Conhecimento Mulheres Brasileiras 60+: desafios no trabalho e impactos da pandemia da COVID-19 TALENTOS EM GESTÃO E GESTÃO DE TALENTOS: ANÁLISE DA LITERATURA ACADÊMICA E DE PRÁTICAS CORPORATIVAS Trabalhadores Brasileiros 60+: características, motivações e desafios profissionais;;;;;;;;;;;;;;;;;;;;;;;
17;Carolina Aparecida de Freitas Dias;Avaliação de resultados em educação corporativa: um estudo com organizações que atuam no Brasil CARACTERÍSTICAS DA CARREIRA DOCENTE EM ADMINISTRAÇÃO: UMA REVISÃO DE LITERATURA CARACTERÍSTICAS DA CARREIRA DOCENTE EM ADMINISTRAÇÃO: UMA REVISÃO DE LITERATURA CARACTERÍSTICAS DA CARREIRA DOCENTE EM ADMINISTRAÇÃO: UMA REVISÃO DE LITERATURA CARACTERÍSTICAS DO EMPREENDEDORISMO FEMININO: UMA REVISÃO DE LITERATURA CLIMA ORGANIZACIONAL: UM ESTUDO DE CASO EM UM GRUPO DE TELECOMUNICAÇÕES Desenvolvimento de Recursos Humanos: uma Proposta de Framework de suas Políticas e Práticas Fatores de influência no desenvolvimento de competências dos estudantes de administração no Brasil: perspectivas segundo os coordenadores de curso Fatores de influência no desenvolvimento de competências dos estudantes de Administração no Brasil: perspectivas segundo os coordenadores de curso Fatores de influência no desenvolvimento de competências dos estudantes de Administração no Brasil: perspectivas segundo os coordenadores de curso LEARNING ANALYTICS: UMA REVISÃO INTEGRATIVA DA LITERATURA LIDERANÇA SERVIDORA: UMA ANÁLISE FÍLMICA SOBRE A VIDA DE CRISTO JESUS;;;;;;;;;;;;;;;;;;;;;;;
18;Caroline Inês Lisevski;Photocatalytic performance of Au/ZnO nanocatalysts for hydrogen production from ethanol PHYSICS WEEK ONLINE: RESHAPING POSSIBILITIES OF SCIENCE LEARNING AND RESEARCH SHARING WITHIN THE PANDEMIC CONTEXT IN BRAZIL SmartHearing Aid: Um simulador de aparelho auditivo para smartphone;;;;;;;;;;;;;;;;;;;;;;;
19;Claudia Almerinda de Souza Oliveira;APLICAÇÃO DE UMA REDE NEURAL ARTIFICIAL YOLO PARA CONTROLE DE ESTOQUE POR IMAGENS EM UMA REVENDA DE AUTOPEÇAS O Proeja no IFSP e uma perspectiva para o Câmpus São Paulo Pirituba PERCEPÇÕESDA APLICAÇÃO DOPROJETO ?EMPODERAMENTO FEMININO ATRAVÉS DA GERAÇÃO DE RENDA PELAS VENDAS?;;;;;;;;;;;;;;;;;;;;;;;
20;Danilo Marcondes de Alcantara;Reflexões acerca da segregação socioespacial e da violência em Londrina - PR;;;;;;;;;;;;;;;;;;;;;;;
21;Davi Munhoz Benati;In Situ</i> Observation of Semisolid Fe-2.5C-1.5Si Gray Cast Iron Study on the Microstructure and Liquid Phase Formation in a Semisolid Gray Cast Iron Thermodynamic evaluation of the thixoformability of Al-Si alloys Viability study of production of enclosed impellers for centrifugal pumps by investment casting process;;;;;;;;;;;;;;;;;;;;;;;
22;Elisangela Lizardo de Oliveira;Divulgação Científica na Escola e Satisfação Cultural: Uma análise do projeto Banca da Ciência Sob o Olhar das Lentes: Uma Proposta de Divulgação Científica na Escola a partir do Projeto Banca da Ciência.;;;;;;;;;;;;;;;;;;;;;;;
23;Emanoel Fabiano Menezes Pereira;A INTERAÇÃO DE ASPECTOS INTUITIVOS, ALGORÍTIMICOS E FORMAIS NA RESOLUÇÃO DE QUESTÕES SOBRE SEMELHANÇA DE TRIÂNGULOS DIFICULDADES APRESENTADAS POR INGRESSANTES NO ENSINO MÉDIO SOBRE A SOMA DOS ÂNGULOS INTERNOS DE UM TRIÂNGULO DIFICULDADES APRESENTADAS POR INGRESSANTES NO ENSINO MÉDIO SOBRE NÚMEROS RACIONAIS DIFICULDADES DE INGRESSANTES NO ENSINO MÉDIO NA ANÁLISE DE GRÁFICOS DE FUNÇÕES Ensinando frações com o auxílio do Tangram interação de aspectos algorítmicos, intuitivos e formais na resolução de questões sobre áreas e perímetros O DESENVOLVIMENTO DOS TRÊS MUNDOS DA MATEMÁTICA NO ESTUDO DE FUNÇÕES TRIGONOMÉTRICAS COM O GEOGEBRA O USO DO GEOGEBRA 3D NO ESTUDO DE POLIEDROS E SUAS PROPRIEDADES: UMA INVESTIGAÇÃO COM PROFESSORES DE MATEMÁTICA EM FORMAÇÃO INICIAL O Uso do GeoGebra Classroom na Elaboração de Conjecturas no Estudo de Funções Trigonométricas: uma Investigação com Licenciandos em Matemática O uso do smartphone na investigação sobre definições de losango Potencialidades envolvidas em uma atividade investigativa sobre Geometrias Plana e Espacial com o uso do GeoGebra 3D Sobre dificuldades de ingressantes no ensino médio na compreensão de números racionais Uma análise da resolução de questões sobre o Teorema de Pitágoras Uma análise das dificuldades de ingressantes no Ensino Médio na resolução de questões sobre área e perímetro. Uma análise de resoluções elaboradas por ingressantes no Ensino Médio de uma questão sobre o Teorema de Pitágoras. UMA ANÁLISE DO USO DO GEOGEBRA NO ESTUDO DO GRÁFICO DA FUNÇÃO ??(??) = ?? ? ?????? (??) UMA ANÁLISE DO USO DO GEOGEBRA NO ESTUDO DO GRÁFICO DA FUNÇÃO g(x) = c + cos(x) UMA INVESTIGAÇÃO DO USO DO GEOGEBRA 3D NO ESTUDO DE PROPRIEDADES DE POLIEDROS USO DO CELULAR INTELIGENTE (SMARTPHONE) NA ELABORAÇÃO DE CONJECTURAS E PROVAS EM GEOMETRIA: AVALIANDO POSSIBILIDADES E LIMITAÇÕES USO DO CELULAR INTELIGENTE (SMARTPHONE) NA ELABORAÇÃO DE CONJECTURAS E PROVAS EM GEOMETRIA: AVALIANDO POSSIBILIDADES E LIMITAÇÕES USO DO CELULAR INTELIGENTE (SMARTPHONE) NA ELABORAÇÃO DE CONJECTURAS E PROVAS EM GEOMETRIA: AVALIANDO POSSIBILIDADES E LIMITAÇÕES. USO DO CELULAR INTELIGENTE (SMARTPHONE) NOS PROCESSOS DE ENSINO E DE APRENDIZAGEM DE GEOMETRIA ESPACIAL NO ENSINO MÉDIO: AVALIANDO POSSIBILIDADES E LIMITAÇÕES Uso do GeoGebra na construção de definições de quadriláteros Uso do smartphone na construção de definições de quadrado Uso do smartphone na construção de definições de trapézio Uso do smartphone na investigação sobre propriedades de quadriláteros notáveis;;;;;;;;;;;;;;;;;;;;;;;
24;Eudes Müller D'Oliveira Santos;Comparative study of thermal calculations of an Otto cycle internal combustion engine with results of experimental tests Dimensionamento de um Sistema de Alta Temperatura Utilizando Energia Solar e um Sistema Auxiliar para Processos de Pirólise TECHNICAL AND ECONOMIC ANALYSIS OF A COGENERATION PLANT FOR A BRAZILIAN SCENARIO;;;;;;;;;;;;;;;;;;;;;;;
25;Eufrida Pereira da Silva;#NOME? 12o conict;;;;;;;;;;;;;;;;;;;;;;;
26;Everaldo Paulo da Silva;CÁLCULO EM MATEMÁTICA: UM ASSUNTO PARA O ENSINO EM GERAL OU ESPECÍFICO PARA O ENSINO TÉCNICO;;;;;;;;;;;;;;;;;;;;;;;
27;Fabio Oliveira Teixeira;A Modelagem Computacional Como Recurso Educacional Para o Estudo do Câncer A Modelagem Computacional no Processo de Aprendizagem de Doenças como o Câncer Pulmonar A Propagação de Informações Sobre o Câncer em Escolas Aplicação de visão computacional para o monitoramento do uso de máscaras de proteção Aplicación de inteligencia artificial para monitorear el uso de mascarillas de protección HIPERMÍDIAS PARA O ENSINO DE ENFERMAGEM EM AMBIENTE DIGITAL DE APRENDIZAGEM Identificação de manifestações de Clientes de instituições bancárias em redes sociais utilizando inteligência artificial Inteligência Artificial para a Farmacovigilância em postagens no Twitter relacionadas a Antidepressivos Sentiment Analysis of Twitter?s Health Messages in Brazilian Portuguese Uso de técnicas da inteligência artificial para reconhecer menções de RAMs em postagens no Twitter;;;;;;;;;;;;;;;;;;;;;;;
28;Felipe Alexandre Cardoso Pazinatto;Aplicativo para o projeto social Saco Verde DESAFIOS NA GESTÃO DA SEGURANÇA CIBERNÉTICA: O PAPEL ESTRATÉGICO DO GESTOR DE TECNOLOGIA NA ERA DA COMPUTAÇÃO EM NUVEMCHALLENGES IN CYBERSECURITY MANAGEMENT: THE STRATEGIC ROLE OF THE TECHNOLOGY MANAGER IN THE ERA OF CLOUD COMPUTINGDESAFIOS NA GESTÃO DA SEGURANÇA CIBERNÉTICA - O PAPEL ESTRATÉGICO DO GESTOR DE TECNOLOGIA NA ERA DA COMPUTAÇÃO EM NUVEMDESAFÍOS EN LA GESTIÓN DE CIBERSEGURIDAD: EL ROL DESENVOLVIMENTO DE PROTÓTIPO DE SISTEMA PARA AGENDAMENTO DE ALMOÇO PARA O INSTITUTO FEDERAL DE SÃO PAULO CAMPUS BOITUVA Jogos de computadores como arte digital e a expressão sentimental do artista. Um estudo de caso a respeito do jogo ?Sky: Children of the Light?;;;;;;;;;;;;;;;;;;;;;;;
29;Felipe Rodrigues Martinez Basile;AACVOX: mobile application for augmentative alternative communication to help people with speech disorder and motor impairment AMAAI: Aplicativo Mobile de Assistência às atividades diárias do Idoso Desarrollo colaborativo en Telemedicina y Telesalud para la Educación, la atención y la investigación: Estudio de caso Lab.Sh-Brasil - Tigum-Colombia Desenvolvimento de arquitetura de plataforma virtual para apoio ao exame de Monitorização Ambulatorial de Pressão Arterial Escrita para terceira idade com uso de tecnologias digitais: Relato de experiência Estratégia de Comunicação Síncrona para interatividade e construção do conhecimento na perspectiva do mundo Pós-Covid-19: Relato de Experiência Estrategia formativa en defensa digital para adolescentes: experiencia en el Instituto Federal de São Paulo. Estrategia Interdisciplinar en Investigación en Telesalud con el Uso de Videoconferencia Forense Computacional como estratégia para investigação estratégia de investigação em crimes cibernéticos La robótica creativa para el desarrollo de la cultura Maker inclusiva en la enseñanza fundamental: caso Escuela Municipal de Capistrano de Abreu, en São Paulo, Brasil Meta Heuristic for WDM Optical Networks Without Wavelength Conversion Método para realizar copias de seguridad de imágenes médicas basado en tareas automatizadas Percepción Social de las Tecnologías Electromagnéticas PERCEPÇÕES DA APLICAÇÃO DO PROJETO -EMPODERAMENTO FEMININO ATRAVÉS DA GERAÇÃO DE RENDA PELAS VENDAS- Protocolo de informática forense ante ciberincidentes en telemedicina para preservar información como primera respuesta Tecnologías y Educación: Su Percepción Social En Santiago de Chile;;;;;;;;;;;;;;;;;;;;;;;
30;Fernando Cesar Mendonca;A simulação como ferramenta didática para o curso de Engenharia de Produção Acessibilidade e Legislação no Brasil ? Um estudo na CPTM ANÁLISE DE ESTOQUE: O CASO DOS PALETES EM UMA EMPRESA DE PAPEL E CELULOSE Ferramentas do Marketing Digital como Estratégia de Consolidação de Marca: Um Estudo Sobre C6 Bank Filosofia Lean em serviços - uma revisão bibliográfica Fusões e Aquisições no Setor Bancário: Estudo de Eventos na Década Marcada pela Crise no Sistema Financeiro Internacional (2001 A 2011) Gestão de Documentos e a sua Importância no Gerenciamento de Projetos METODOLOGIA DE SELEÇÃO DE FORNECEDORES EM UMA MICROEMPRESA DO RAMO COMERCIAL UTILIZANDO O METODO AHP Overbooking: Uma Gestão de Conflitos Operacionais de uma Companhia Aérea Transporte Rodoviário: os principais riscos ocupacionais no cotidiano dos motoristas de caminhão;;;;;;;;;;;;;;;;;;;;;;;
31;Fernando Luis Rossi;A implantação da gestão de facilities em um Centro de Distribuição: um estudo de caso A new efficient heuristic method for minimizing the total tardiness in a no-idle permutation flow shop A two-stage iterated greedy algorithm and a multi-objective constructive heuristic for the mixed no-idle flowshop scheduling problem to minimize makespan subject to total completion time ACESSIBILIDADE E LEGISLAÇÃO NO BRASIL ? UM ESTUDO NA CPTM An effective constructive heuristic for permutation flow shop scheduling problem with total flow time criterion An objective review and perspectives on the permutation flowshop scheduling with no-wait constraint and setup times Beam search-based heuristics for the mixed no-idle flowshop with total flowtime criterion ECONOMIA CIRCULAR E POLÍTICAS PÚBLICAS: LEGISLAÇÃO E DESAFIOS Economia Circular no Brasil: Estudo de caso em um Centro de Recondicionamento de Computadores ECONOMIA CIRCULAR: CONCEITOS E PERSPECTIVAS NA SOCIEDADE CONTEMPORÂNEA Evaluation of high performance constructive heuristics for the flow shop with makespan minimization FERRAMENTAS DO MARKETING DIGITAL COMO ESTRATÉGIA DE CONSOLIDAÇÃO DE MARCA: UM ESTUDO SOBRE C6 BANK GESTÃO DE DOCUMENTOS E A SUA IMPORTÂNCIA NO GERENCIAMENTO DE PROJETOS Heuristics and Iterated Greedy Algorithms for the Distributed Mixed No-idle Flowshop With Sequence-Dependent Setup Times Heuristics and metaheuristics for the mixed no-idle flowshop with sequence-dependent setup times and total tardiness minimisation Heuristics for the mixed no-idle flowshop with sequence-dependent setup times Heuristics for the mixed no-idle flowshop with sequence-dependent setup times and total flowtime criterion High-performing heuristics to minimize flowtime in no-idle permutation flowshop Overbooking: Uma Gestão de Conflitos Operacionais de uma Companhia Aérea PROJETO CATANDO HISTÓRIAS?INTEGRANDO O CONHECIMENTO SOBRE LOGÍSTICA REVERSA COM A HISTÓRIA DA CIDADE DE SÃO PAULO RISCO ENERGÉTICO NAS CIDADES: AUMENTANDO A RESILIÊNCIA PELO CONTROLE DAS OPERAÇÕES;;;;;;;;;;;;;;;;;;;;;;;
32;Fernando da Silva Pardo;(Shadow of) The Raven: uma adaptação intermidiática da literatura para a música A autoetnografia em pesquisas em Linguística Aplicada: reflexões do sujeito pesquisador/pesquisado. Decolonialidade e ensino de línguas: perspectivas e desafios para a construção do conhecimento corporificado no cenário político atual Discursos de ódio e liberdade de expressão em ambientes digitais: implicações sociais e legais Epistemologias digitais, cibercultura e a construção de relatos pessoais multimodais no ensino e aprendizagem de língua inglesa Literatura e(m) mídias: práticas pedagógicas (in)disciplinadas? O ENSINO DE INGLÊS NOS ANOS INICIAIS DA ESCOLA PÚBLICA: POR QUÊ? PARA QUÊ? PARA QUEM? OBSERVAÇÕES E ANÁLISES SOBRE O ENSINO DE INGLÊS NO ENSINO FUNDAMENTAL-I PÚBLICO: diálogos entre professor e alunos;;;;;;;;;;;;;;;;;;;;;;;
33;Filipe Mantovani Ferreira;As analogias no debate parl amentar: o caso da oposição ao PL 122/06;;;;;;;;;;;;;;;;;;;;;;;
34;Flávia Roberta Torezin;TOREZIN, Flávia Roberta. O conceito de interesse na formação de professores do Ensino Secundário Brasileiro nas décadas de 1950 ? 1960;;;;;;;;;;;;;;;;;;;;;;;
35;Hadassa Viviane Rodrigues;Encaixotando minha biblioteca: uma elegia e dez digressões, de Alberto Manguel São Paulo: Companhia das Letras, 2021, 184 p Para ouvir e ler: o podcast como meio de incentivo à leitura;;;;;;;;;;;;;;;;;;;;;;;
36;Idalise Bernardo Bagé;A Formação Continuada de Professores a Distância: Um olhar sobre o curso de ingressantes oferecido aos docentes de Matemática do Estado de São Paulo A formação continuada de professores a distância: Um olhar sobre o curso de ingressantes oferecido aos docentes de Matemática do Estado de São Paulo ESTUDO DA ÁREA DE ENGENHARIA DA SUSTENTABILIDADE APLICADA NAS EMPRESAS Formação Continuada de Professores: Uma proposta de curso para o ensino de Estatística e Probabilidade com o uso das Tecnologias Digitais Formação Continuada de Professores: uma proposta de curso para o ensino de Estatística e Probabilidade com o uso de Tecnologias Digitais O currículo do Estado de São Paulo e a Formação de Professores de Matemática: A Experiência do Programa M@tmídias O Fenômeno das Marés: Uma possibilidade para o ensino das função seno e cosseno utilizando as tecnologias digitais O Fenômeno das Marés: Uma possibilidade para o Ensino das Funções Seno e Cosseno Utilizando Políticas Públicas de Formação de Professores: O contexto do curso de Ingressantes do Estado de São Paulo Um olhar reflexivo para Avaliação Educacional;;;;;;;;;;;;;;;;;;;;;;;
37;Igor Calebe Zadi;Complex World: um jogo para auxiliar o aprendizado de inglês como segunda língua utilizando a abordagem pedagógica do Pensamento Complexo Juego digital para aprender inglés como segunda lengua utilizando el pensamiento complejo;;;;;;;;;;;;;;;;;;;;;;;
38;Igor Polezi Munhoz;A Patent Study Of Emerging Pharmaceutical Markets: The Case Of Brics Countries Análise dos impactos diretos e indiretos do Programa de P Assessing the digital maturity of micro and small enterprises: a focus on an emerging market Assessment of safety culture maturity in a food industry: a comparison between manufacturing and administration sector Biomimicry Applied in Engineering Education: a Case Study in PUC-SP Biopharmaceutical innovation on pharmerging countries: a quantitative analysis and scenario prediction Ergonomia e qualidade de vida no trabalho: um estudo de caso no agronegócio brasileiro Estresse e Satisfação no Trabalho: um Estudo entre Gestores da Área Comercial Green Roof: Implantation Study at the Pontifical Catholic University of Sao Paulo Human aging and ageism: a study with Brazilian individuals over 40 years old Impacto da Indústria 4.0 na geração de inovação em tecnologias médicas: uma abordagem patentária Industry 4.0: Technology Mapping and the importance of Cognitive Ergonomics Inovação tecnológica na indústria farmacêutica: diferenças entre a Europa, os EUA e os países farmaemergentes International publication trends in Lean Agile Management research: a bibliometric analysis Lean Accounting: Economic-financial Performance of Companies with Lean Manufacturing Operacionalização da metodologia Kaizen a fim de otimizar o desempenho organizacional: um enfoque na gestão de processos em uma indústria eletrônica Padronização de informações e viabilidade de implantação do ecotelhado na Pontifícia Universidade Católica de São Paulo Patentes Farmacêuticas e Biofarmacêuticas: A Oportunidade Dos Países Farmaemergentes Pharmaceutical emerging markets: technological mapping and innovation networks Relação entre o uso de proteção patentária e os níveis econômicos, educacional e tecnológico de um país: O estudo do caso norte-americano Sustainability at the Faculty of Exact Sciences and Technology of the PUC-SP: study of green roof application Sustainability in the Energy Sector: Scientific and Technological Mapping of Magnesium Batteries THE IMPACT OF THE BRAZILIAN MONETARY POLICY ON THE EBITDA OF THE COMPANIES AND THEIR CONSEQUENT INFLUENCE ON THE INVESTMENT OF THESE COMPANIES TO IMPLY SUSTAINABLE DEVELOPMENT GOALS;;;;;;;;;;;;;;;;;;;;;;;
39;Ingrid Anelise Lopes;Desempenho escolar de estudantes com deficiência intelectual: considerações com base em produções acadêmicas e científicas Desempenho escolar de estudantes com deficiência intelectual: considerações com base em produções acadêmicas e científicas Evidências de aprendizagem de estudantes com deficiência intelectual: um estudo em escola municipal paulistana;;;;;;;;;;;;;;;;;;;;;;;
40;Irando Alves Martins Neto;Ensino crítico de língua portuguesa no IFSP ? Campus Presidente Epitácio Heterogeneidade da escrita: ?erros? ortográficos propositais emredes sociais digitais e a construção do sentido Implicações de abordagens críticas de ensino de inglês na (trans)formação pessoal do professor Letramento digital e literatura: saberes literários no mundo digital Perspectivas dos Estudos de Letramento no estado de São Paulo Pessoalidade e subjetividade do estudante-leitor na escolarização do texto literário Sociolinguística, formação crítica e livro didático SOUTHERN VOICES: SUBVERSIVE LITERACIES OF MIGRANT WOMEN IN ADULT EDUCATION Tendências na abordagem da leitura em livros didáticos no século XXI Zonas culturais híbridas em práticas de letramento escolar;;;;;;;;;;;;;;;;;;;;;;;
41;Jair Garcia dos Santos;DIFICULDADES ESPECÍFICAS DE APRENDIZAGEM: ANÁLISE DE ARTIGOS PUBLICADOS NA REVISTA EDUCAÇÃO ESPECIAL E REVISTA BRASILEIRA DE EDUCAÇÃO ESPECIAL DE 2012 E 2022 ESTUDANTES COM TEA NO ENSINO SUPERIOR OBJETIVOS DE DESENVOLVIMENTO SUSTENTÁVEL: A EDUCAÇÃO ESPECIAL E A IMPLEMENTAÇÃO DA META 4 DA AGENDA 2030 NO IFPR CAMPUS UMUARAMA PANORAMA DO PROGRAMA VIDA NO TRÂNSITO: UMA PESQUISA DO TIPO ESTADO DA ARTE PROJETO DE ENSINO DE LIBRAS COM PRODUÇÃO DE MATERIAL DIDÁTICO;;;;;;;;;;;;;;;;;;;;;;;
42;Jairo Filho Sousa de Almeida Ferreira;Assessing community vulnerability with disaster risk mapping: the case of São Paulo, Brazil Mudanças climáticas e planejamento urbano: revisão sistemática da literatura pelo método PRISMA Understanding Sustainable Energy in the Context of Smart Cities: A PRISMA Review;;;;;;;;;;;;;;;;;;;;;;;
43;Jeferson Antunes;Análise crítica de conteúdo, neurociência e a crítica ao interpretativismo ANÁLISE DAS DINÂMICAS DE PESQUISA DA UFCA EM SEUS 10 ANOS Análise de desenvolvimento temático acerca da Educação Ambiental Análise do desenvolvimento temático de estudos relacionando educação e covid-19 Análise do desenvolvimento temático dos estudos sobre games na educação ARTICULAÇÃO DAS POLTÍCAS PÚBLICAS DE SÁUDE MENTAL E ECONOMIA SOLIDÁRIA - INICIATIVAS DE GERAÇÃO DE TRABALHO E RENDA CICLO CRIATIVO DE JOGOS COLABORATIVOS: UM MÉTODO PARA CRIAÇÃO DE JOGOS EDUCATIVOS Ciência dos jogos aplicada a educação: um estudo do processo criativo de confecção do jogo analógico Umuechem. Como escrever um relato de experiência de forma sistematizada? Contribuições metodológicas Como os estudantes percebem a sustentabilidade na educação superior? Um estudo qualiquantitativo sobre a Universidade Federal do Cariri - CE Considerações e resultados acerca da aplicação da Criativa: metodologia educativa fomentada por meio dos jogos cooperativos DESAFIOS PARA UMA GESTÃO SUSTENTÁVEL: JUAZEIRO DO NORTE/ CE E O SANEAMENTO BÁSICO Desenvolvimento temático: contribuições metodológicas da bibliometria e cientometria para as revisões de literatura Diagnóstico rápido participativo como método de pesquisa em educação DIAGNÓSTICO RÁPIDO PARTICIPATIVO PARA CONSELHOS GESTORES MUNICIPAIS Dinâmicas da pesquisa latino-americana em formação de professores e professoras Educação para sustentabilidade, interdisciplinaridade e as contribuições da mediação para a construção coletiva do conhecimento.<br>Education for sustainability, interdisciplinarity and mediation contributions for the collective construction of knowledge.<br>Educación para la sostenibilidad, interdisciplinaridad y la contribiución de la mediación para la construcción co EPISTEMOLOGIA E PESQUISA EDUCACIONAL Gamificando metodologias ativas no ensino superior: práticas de formação inicial em pesquisa científica In: Congresso Nacional de Educação, 2018, Recife. Anais V CONEDU. Campina Grande: Realize Jogo, Tortura e Formação Social: Contribuição Materialista Sobre o Jogo e o Jogar Jogos cooperativos e mediação da leitura: por que não na biblioteca pública? Metodologias ativas na educação: problemas, projetos e cooperação na realidade educativa Mulheres e a Encosta do Seminário: relação entre moradoras do bairro e o pertencimento pós-obra Narrativa crítica acerca do desenvolvimento sustentável: quais relações podemos estabelecer? O FUNCIONAMENTO DA POLÍTICA NACIONAL DE SAÚDE INTEGRAL DE LGBTS´S EM CRATO ? CE, PELA PERSPECTIVA DE MULHERES TRANSEXUAIS E TRAVESTIS: ?CLOSE CERTO OU ERRADO?? O PROTAGONISMO ESTUDANTIL NA EXTENSÃO UNIVERSITÁRIA: A EXPERIÊNCIA DO NÚCLEO DE ATUALIZAÇÃO PÚBLICA NA UNIVERSIDADE FEDERAL DO CARIRI OS DISCURSOS DE MULHERES DO BAIRRO LIMOEIRO, JUAZEIRO DO NORTE-CE, SOBRE A LEI MARIA DA PENHA Perfil preliminar de designers de jogos do Brasil Pesquisa & Desenvolvimento de produtos educacionais REPENSANDO POLÍTICAS PÚBLICAS: DESEMPENHO DE PORTUGAL E BRASIL NO ÍNDICE GLOBAL DA PAZ REVISÃO INTEGRATIVA ACERCA DAS ATIVIDADES EDUCATIVAS PARA A FORMAÇÃO DE CIENTISTAS Revisão integrativa das estratégias de ensino para formação de cientistas UTILIZANDO O DIAGNÓSTICO PARTICIPATIVO NA PESQUISA EDUCACIONAL: MÉTODOS, FERRAMENTAS E PROCESSOS VIVÊNCIAS LÚDICAS COMO PRÁTICA EDUCATIVA SOBRE DIREITOS HUMANOS: APLICAÇÃO DO JOGO DIÁRIO DE AMANHÃ COM ESTUDANTES DE DIREITO NO CEARÁ;;;;;;;;;;;;;;;;;;;;;;;
44;José Geraldo Basante;Competências dos Engenheiros na Indústria 4.0 ESG CONSTRUINDO DIFERENÇAS CORPORATIVAS, ATRAVES DE ESTRATÉGIAS DIRECIONADAS PARA OS PILARES TRANSPARÊNCIA E ACCONTABILITY;;;;;;;;;;;;;;;;;;;;;;;
45;José Roberto Campanele;CRM implementation as a competitive strategy of metalworking company Estrategic Planing The steps of strategic planing;;;;;;;;;;;;;;;;;;;;;;;
46;Juliana de Souza Topan;-Anjos e demônios estão em guerra-: o fantástico e o religioso na literatura para jovens adultos;;;;;;;;;;;;;;;;;;;;;;;
47;Junot de Oliveira Maia;Afrontando a necropolítica no Brasil: recursos linguísticos arrojados e artivismo como formas de sobreviver Agência crítica em Linguística Aplicada: negociações a partir de sobrevivências e reexistências no contexto brasileiro DESCOLEÃ?Ã?ES E REMIXES NA APRENDIZAGEM DE LÃ?NGUA INGLESA: UM ESTUDO DE CASO EM UMA ESCOLA PÃ?BLICA Digital rockets: Resisting necropolitics through defiant languaging and artivism LETRAMENTOS DE SOBREVIVÊNCIA EM REDES DIGITAIS: CAMINHOS POSSÍVEIS NA LUTA POR DIREITOS HUMANOS Popularidade e visibilidade em redes sociais online: negociação de capitais sociais em meio digital para ampliação de audiência Por um paradigma transperiférico: uma agenda para pesquisas socialmente engajadas Transperiferias: uma proposta para pesquisas socialmente engajadas;;;;;;;;;;;;;;;;;;;;;;;
48;Júlio Samuel Sávio Bernardo;ANÁLISE DOS BENEFÍCIOS SOCIOECONÔMICOS PROPORCIONADOS PELO CAMPUS SÃO PAULO PIRITUBA DO INSTITUTO FEDERAL DE SÃO PAULO (IFSP): A VISÃO DE ALUNOS ANÁLISE ESPACIAL E CONSERVAÇÃO DE ÁREAS VERDES NA REGIÃO NOROESTE CIDADE DE SÃO PAULO: UMA CONTRIBUIÇÃO PARA CIDADES MAIS SUSTENTÁVEIS EM TEMPOS DE MUDANÇAS CLIMÁTICAS CARACTERIZAÇÃO DAS ÁREAS VERDES NO ENTORNO DO IFSP CÂMPUS SÃO PAULO PIRITUBA UTILIZANDO GEOTECNOLOGIAS ELABORAÇÃO DE UM PROTOCOLO METODOLÓGICO PARA ANÁLISE DOS BENEFÍCIOS SOCIOECONÔMICOS PROPORCIONADOS PELO CAMPUS SÃO PAULO PIRITUBA DO IFSP;;;;;;;;;;;;;;;;;;;;;;;
49;Kamili Oliveira Santana;APLICAÇÃO DE GLICEROL BRUTO PRÉ-TRATADO EM PROCESSOS BIOLÓGICOS DE GERAÇÃO DE H2 Caracterização de glicerol bruto gerado a partir de óleo reciclado para geração de 1,3- propanodiol Crude glycerol by transesterification process from used cooking oils: Characterization and potentialities on hydrogen bioproduction Culturas mistas de bactérias anaeróbias geradoras de H2 aplicadas no consumo de glicerol bruto gerado em usinas de biodiesel a partir de óleos residuais domésticos Determination of alcohols and volatile organic acids in anaerobic bioreactors for H 2 production by near infrared spectroscopy Energy valorization of crude glycerol and sanitary sewage in hydrogen generation by biological processes Geração de biohidrogênio a partir de glicerol bruto utilizando consórcios de bactérias anaeróbias fermentativas e cultura pura Enterobacter sp PRODUÇÃO BIOLÓGICA DE GÁS HIDROGÊNIO A PARTIR DE GLICEROL BRUTO E ESGOTO SANITÁRIO Produção de hidrogênio e 1,3-propanodiol por codigestão de glicerol bruto;;;;;;;;;;;;;;;;;;;;;;;
50;Krícia Helena Barreto;Estratégias de proteção da face no cenário jurídico: um estudo de caso O uso de dêixis por um afásico e a manutenção da intersubjetividade no contexto da telefonoaudiologia On the Theory of Ritual Frame Indicating Expressions: a conversation with Juliane House and Daniel Kádár, discussing Goffman?s ideas;;;;;;;;;;;;;;;;;;;;;;;
51;Leandro Módolo Paschoalotte;A GESTÃO DO CUIDADO EM TEMPOS DE COVID-19: A SAÚDE MÓVEL E A BIOPOLÍTICA ALGORÍTMICA A NOVA ESPOLIAÇÃO: BIG DATA E O CONTROLE DOS DADOS A relação entre ciência e ideologia em tempos de hegemonia financeira: as biotecnociências e o mercado das promessas Digital health issues for the SUS: -mobile health- and the algorithmic automation of medical knowledge-power Inteligência artificial prestadora de serviços de saúde: sinais do actante suposto saber Medicina de dados, uma questão para a saúde coletiva? Para além do antropocentrismo biopolítico, para além de Antonio Negri! Questões da saúde digital para o SUS: a ?saúde móvel? e a automação algorítmica do saber-poder da medicina Sistemas públicos universais de saúde e a experiência cubana em face da pandemia de Covid-19;;;;;;;;;;;;;;;;;;;;;;;
52;Lincon Lopes;A EXPERIÊNCIA INTERNACIONAL NA PRODUÇÃO DE TECNOLOGIAS DUAIS PARA USO CIVIL E MILITAR E SEUS DESAFIOS Fusões e Aquisições no Setor Bancário: Estudo de Eventos na Década Marcada pela Crise no Sistema Financeiro Internacional (2001 A 2011) GEOANALYTICS APLICADO AO CONCEITO DE CIDADES INTELIGENTES UMA DISCUSSÃO EMPREENDEDORA E SUSTENTÁVEL SOBRE O RIO PINHEIROS;;;;;;;;;;;;;;;;;;;;;;;
53;Lucas Rodrigues dos Santos;Evaluation of the performance of radioprotection ionization chambers used in radiometric survey of radiology clinical systems. Filtration influence in a constant potential X-ray machine peak voltage measurements Mammography calibration qualities establishment in a Mo- Mo clinical system;;;;;;;;;;;;;;;;;;;;;;;
54;Luciana Cavalcanti Maia Santos;A COLETA SELETIVA NO IFSP CÂMPUS SÃO PAULO PIRITUBA: DIAGNÓSTICO, IMPLEMENTAÇÃO E EDUCAÇÃO AMBIENTAL A DIMENSÃO HUMANA SOBRE A PESCA DO CARANGUEJO-UÇÁ Ucides cordatus NOS MANGUEZAIS DO BRASIL: UMA REVISÃO DA LITERATURA A Modelagem Computacional Como Recurso Educacional Para o Estudo do Câncer A Propagação de Informações Sobre o Câncer em Escolas ANÁLISE COMPARATIVA DO POTENCIAL EXTRATIVO DO CARANGUEJO-UÇÁ UCIDES CORDATUS EM ÁREAS DE MANGUEZAL COM DIFERENTES INFLUÊNCIAS ANTRÓPICAS (CANANÉIA, SÃO PAULO): CONSIDERAÇÕES PARA O MANEJO ANÁLISE DA DINÂMICA CLIMÁTICA NA REGIÃO NORTE DA CIDADE DE SÃO PAULO ANÁLISE DOS BENEFÍCIOS SOCIOECONÔMICOS PROPORCIONADOS PELO CAMPUS SÃO PAULO PIRITUBA DO INSTITUTO FEDERAL DE SÃO PAULO (IFSP): A VISÃO DE ALUNOS ANÁLISE ESPACIAL E CONSERVAÇÃO DE ÁREAS VERDES NA REGIÃO NOROESTE CIDADE DE SÃO PAULO: UMA CONTRIBUIÇÃO PARA CIDADES MAIS SUSTENTÁVEIS EM TEMPOS DE MUDANÇAS CLIMÁTICAS ANÁLISE ESPAÇO-TEMPORAL DE PARQUES URBANOS NA REGIÃO NOROESTE DA CIDADE DE SÃO PAULO: MUDANÇAS X CONSERVAÇÃO ARACTERIZAÇÃO DA PAISAGEM NA REGIÃO NOROESTE DA CIDADE DE SÃO PAULO UTILIZANDO SIGWEBS CARACTERIZAÇÃO DAS ÁREAS VERDES NO ENTORNO DO IFSP CÂMPUS SÃO PAULO PIRITUBA UTILIZANDO GEOTECNOLOGIAS CARACTERIZAÇÃO E AVALIAÇÃO ESPAÇO-TEMPORAL DAS ÁREAS VERDES INTRODUZIDAS PELA ARBORIZAÇÃO NO IFSP - CÂMPUS SÃO PAULO PIRITUBA CARACTERIZAÇÃO ESPACIAL DA PAISAGEM DE BRUMADINHO ? MG: UMA CONTRIBUIÇÃO DIANTE DO ROMPIMENTO DA BARRAGEM DE REJEITOS DO CÓRREGO DO FEIJÃO CARACTERIZAÇÃO ESPACIAL DE MANGUEZAIS NA REGIÃO DE CANANÉIA, LITORAL SUL DE SÃO PAULO, UTILIZANDO GEOTECNOLOGIAS CARACTERIZAÇÃO ESPACIAL DOS PARQUES URBANOS DA REGIÃO NOROESTE DA CIDADE DE SÃO PAULO Density, abundance and extractive potential of the mangrove crab, Ucides cordatus (Linnaeus, 1763) (Brachyura, Ocypodidae): subsidies for fishery management EFEITOS DE ALTERAÇÕES PAISAGÍSTICAS EM MUDANÇAS CLIMÁTICAS URBANAS: UM ESTUDO DE CASO NA REGIÃO NOROESTE DA CIDADE DE SÃO PAULO ELABORAÇÃO DE UM PROTOCOLO METODOLÓGICO PARA ANÁLISE DOS BENEFÍCIOS SOCIOECONÔMICOS PROPORCIONADOS PELO CAMPUS SÃO PAULO PIRITUBA DO IFSP ESTADO DA ARTE DA UTILIZAÇÃO DE GEOTECNOLOGIAS NO ENSINO DE CIÊNCIAS: UMA ANÁLISE QUALIQUANTITATIVA Estado da arte da utilização de geotecnologias no ensino de Ecologia ESTUDO DE CASO DA COBERTURA VEGETAL DE MANGUEZAIS EM UM SETOR ESTUARINO-LAGUNAR DE CANANÉIA, LITORAL SUL DO ESTADO DE SÃO PAULO: UMA ANÁLISE FITOSSOCIOLÓGICA Geotecnologias Aplicadas à caracterização especial das Fitofisionomias de manguezal: Um estudo de caso na Barra do Uma (Peruíbe, São Paulo, Brasil) Management and Conservation of the Land Crab Cardisoma guanhumi (Crustacea: Gecarcinidae) based on Environmental and Fishery Factors: A Case Study in Brazil MAPEAMENTO DE MANGUEZAIS EM UM SETOR ESTUARINO DE CANANÉIA, LITORAL SUL DE SÃO PAULO, UTILIZANDO GEOTECNOLOGIAS Mapeamento, quantificação e caracterização das áreas extrativas do caranguejo-uçá (Ucides cordatus) no sistema estuarino-lagunar de Cananéia (Litoral Sul de São Paulo, Brasil) utilizando imagens Landsat-8/OLI MUDANÇAS NA PAISAGEM DA REGIÃO NOROESTE DA CIDADE DE SÃO PAULO NOS ÚLTIMOS 30 ANOS: URBANIZAÇÃO, FRAGMENTAÇÃO E EFEITO DE BORDA Population status and fishery potential of the mangrove crab, Ucides cordatus (Linnaeus, 1763) in North-eastern Brazil Protocolo metodológico para obtenção dos valores de radiância, emissividade e temperatura de superfície de imagens Landsat 8 utilizando LEGAL Protocolo metodológico para obtenção dos valores de reflectância e de NDVI de imagens Landsat 8/OLI utilizando LEGAL Socio-ecological assessment for environmental planning in coastal fishery areas: A case study in Brazilian mangroves Spatial Analysis of a Coastal Area for Conservation and Fishery of Mangrove Edible Crab (Ucides cordatus) Spatial distribution of the mangrove crab Ucides cordatus along a estuarine gradient: an analysis at the landscape contex The use of RapidEye images and vegetation index to discriminate mangrove and tidal flat areas: applications to climate change monitoring Uma compreensão sociobiológica do comportamento humano durante a pandemia de COVID-19;;;;;;;;;;;;;;;;;;;;;;;
55;Luciano Henrique Trindade;A Importância do Uso de Indicadores do SUS para o Planejamento de Serviços de Saúde no Município de Ilha Bela / SP A Relevância da Cultura Organizacional na Prevenção da Corrupção e no Cultivo de Lideranças Éticas nas Operações Logísticas CIDADES INTELIGENTES E PREVENÇÃO DE DESASTRES: TRANSFORMANDO DADOS EM ESTRATÉGIAS RESILIENTES Cocriação de valor na relação de consumo de serviços de medicina diagnóstica e seus efeitos na operação dos processos de um laboratório de grande porte DIAGNÓSTICO DA LITERATURA SOBRE GESTÃO DE PESSOAS UTILIZADA EM CURSOS DE GRADUAÇÃO EM ADMINISTRAÇÃO Educação em Direitos Humanos nas Escolas: Uma análise crítica dos Projetos Políticos Pedagógicos em Pirituba GESTÃO DE RISCOS URBANOS: A NECESSIDADE DE UMA DEFESA CIVIL PROFISSIONAL PARA CIDADES INTELIGENTES E RESILIENTES Letramento em Defesa Civil: Avaliação do Conhecimento Populacional e Atribuições da Defesa Civil no Litoral Norte Paulista O radioamadorismo como ferramenta inovadora na Educação STEM: uma revisão bibliográfica PERCURSO METODOLÓGICO PARA REVISÕES SISTEMÁTICAS EM CIÊNCIAS SOCIAIS APLICADAS: DESAFIOS, ESTRATÉGIAS E IMPACTOS Pioneiros: Modelo inovador de formação ética para jovens adultos escoteiros Resiliência Urbana e Direito à Cidade: A Defesa Civil como Fator Estrutural em Cidades Inteligentes RH conservador: um estudo sobre mudanças na gestão de pessoas em empresas estabelecidas no Brasil RH Conservador: Um Estudo sobre Mudanças na Gestão de Pessoas em Empresas Estabelecidas no Brasil Silêncio Perigoso: Prefeitos ignoram Defesa Civil em Planos de Governo para 202;;;;;;;;;;;;;;;;;;;;;;;
56;Marcelo Cizaurre Guirau;A adaptação de um curso de inglês do formato EAD para o formato semipresencial: relato de uma experiência com o curso e-Tec Idiomas de língua inglesa A incerteza como método: ?Negative capability? e a construção de ambiguidades imagéticas em ?La Belle Dame sans Merci?, de John Keats ADORNO, BENJAMIN E O CINEMA MAINSTREAM: PRIMEIROS OLHARES Apontamentos sobre homossexualidade, negritude masculina e feminilidade em O Bom Crioulo (1895), de Adolfo Caminha Distopia como curadoria de ausências e impasses da imaginação utópica em Station Eleven Little Criminals of perception?: história e memória nos narradores de World?s Fair e The Book of Daniel, de E. L. Doctorow Minority Report e o governo da distopia algorítmica O tempo tinha sido confinado. O presente era arquivo. A história estava suspensa...?: a pandemia e o eterno presente no romance O Último Gozo do Mundo PARA ?SER COMO UM RIO?: notas sobre a literatura indígena como espaço de alteridade epistemológica Questões sobre o ensino de Literaturas em Língua Inglesa nas licenciaturas em Letras da UFMS e do IFSP (Campus São Paulo-Pirituba): a experiência da construção das ementas Vivências no exterior e formação de professores de Língua Estrangeira: relato de uma experiência;;;;;;;;;;;;;;;;;;;;;;;
57;Maria Cristina Stello Leite;Amar sem Temer nas ruas de São Paulo - Mulheres lésbicas e bissexuais pelo direito de (r)existir Comuna da Terra D. Tomás Balduíno: aproximações a partir de palavras e imagens criadas por crianças assentadas ENTRE A RUA E A CALÇADA: A PRESENÇA DE CRIANÇAS NO PROCESSO DE URBANIZAÇÃO DA CIDADE DE SÃO PAULO Entre lugares - crianças indígenas na cidade de São Paulo Os desafios de uma disciplina escolar: práticas docentes no ensino de Sociologia;;;;;;;;;;;;;;;;;;;;;;;
58;Moacir Silva de Castro;?UMA PROPOSTA DE ENSINO DE FÍSICA PARA COMUNIDADES QUILOMBOLAS DO VALE DO RIBEIRA?? A questão étnico-racial e o ensino de Geografia: o caso do Sudão do Sul Dualismo escolar no modelo tecnicista desenvolvido no Instituto Federal de São Paulo câmpus São Paulo Pirituba Relações étnico-raciais e formação docente na educação infantil Sobre a formação docente para a educação básica: algumas considerações Uma Proposta de Ensino de Física para Comunidades Quilombolas do Vale do Ribeira;;;;;;;;;;;;;;;;;;;;;;;
59;Nelio Fernando dos Reis;Artificial Intelligence from the Perspective of High School Students AUDISMO NO MERCADO DE TRABALHO Autism and Occupational Noise Capital markets and stocks that pay dividends Cenários Prospectivos para a Inovação Social Covid-19 e o calendário escolar brasileiro: medo e frustração Dinheiro Traz Felicidade, Até um Limite Doação de órgãos: um estudo no IFSP Ferramentas de coaching aplicadas à gestão de pessoas: um estudo utilizando lógica e[pi] Gestão Hídrica: uma nova dimensão para a administração High Performance Companies: main factors INCLUSÃO DE PESSOA COM TRANSTORNOS DO ESPECTRO AUTISTA (TEA) NO MERCADO DE TRABALHO: DESAFIOS E OPORTUNIDADES Indústria 4.0 e a competência na logística Information Systems in Supply Chain: A Study of the Furniture Cluster in the State of Parana, Brazil INSERÇÃO DA CULTURA DE DESENVOLVIMENTO DE PATENTES NA GRADE CURRICULAR DOS CURSOS DE ENGENHARIA NO BRASIL INTELIGÊNCIA ARTIFICIAL: ESCOPO CONCEITUAL E APLICABILIDADE NAS ORGANIZAÇÕES La atención al estudiante público objetivo de la educación especial en la carrera de tecnología de nivel superior La importancia de proyectos para la libertad de igualdad de las mujeres: un estudio exploratorio de proyecto Mujeres más que Vencedoras de la iglesia Cristiana Apostólica Renacer en Cristo LA IMPORTANCIA DE PROYECTOS PARA LA LIBERTAD E IGUALDAD DE LAS MUJERES: UN ESTUDIO EXPLORATORIO DE PROYECTO MUJERES MAS QUE VENCEDORASDE LA IGLESIA CRISTIANA APOSTÓLICA RENACER EN CRISTO Logical decision-making method relating to innovation management MACRODIMENSÕES DA ÉTICA EM PESQUISA: Passo a Passo da Plataforma Brasil MACRODIMENSÕES E INDICADORES CHAVES PARA A AVALIAÇÃO DE PERFORMANCE EM UNIVERSIDADE O atendimento ao estudante público-alvo da educação especial em curso superior de tecnologia PERCEPCIONES SOBRE DIVERSIDAD, EQUIDAD E INCLUSIÓN (DE PESQUISA OPERACIONAL APLICADA AO E-MARKETPLACE Proposições para a Criação de Parques Tecnológicos utilizando a lógica Et: um mapa para o agronegócio Quality in Distance Education: a polysemic concept QUEIJO COM GOIABADA: Do Individual para o coletivo na construção da ética em pesquisa Refugees in Brazil. Who are? RELAÇÃO ENTRE CRESCIMENTO E DESENVOLVIMENTO ECONÔMICO NA REGIÃO DE SOROCABA, ESTADO DE SÃO PAULO RIVALIDAD EN TEORÍA DE JUEGOS: GUERRA DE DESGASTE School Management: Proposition of a Management Model Support System Decision with Logic Etal applied to Merger and Acquisition - M The cause of Brazilian inflation in the modern era is poverty The Importance of Public Manager in Municipal Policy to Promote the Accessibility: the case of the Federal Institute of State of São Paulo, Campus Pirituba, Brazil The Quality Management System in Small and Medium-sized Entities: a field study in the city of São Roque, São Paulo State, Brazil Uso da Gamificação à luz da Educação 4.0;;;;;;;;;;;;;;;;;;;;;;;
60;Nilton Pereira dos Santos;Infraestrutura dos serviços de assistência técnica e extensão rural no estado de São Paulo: o caso do Vale do Ribeira Política de inovação em semicondutores no Brasil: uma discussão sobre a experiência do Ceitec;;;;;;;;;;;;;;;;;;;;;;;
61;Patricia Horta;Hibridismo na escrita biográfica de Ana Miranda O gozo do proibido: mulheres em Musa Praguejadora;;;;;;;;;;;;;;;;;;;;;;;
62;Patricia de Aquino Prudente;Gonzales Arias, Luz-Mar. National Identities and Imperfections In Contemporary Irish Literature: Unbecoming Irishness Interviewing Eilis Ni Dhuibhne Irish Mythological Women in Christine Dwyer Hyckey's Short Stories: Representation, Reinvention, and Social Perspectives in the 21st Century;;;;;;;;;;;;;;;;;;;;;;;
63;Patrícia Cristiane Santana da Silva;CARACTERIZAÇÃO E AVALIAÇÃO ESPAÇO-TEMPORAL DAS ÁREAS VERDES INTRODUZIDAS PELA ARBORIZAÇÃO NO IFSP - CÂMPUS SÃO PAULO PIRITUBA Characterization and tribologic study in high vacuum of hydrogenated DLC films deposited using pulsed DC PECVD system for space applications DLC Films Grown On Steel Using An Innovator Active Screen System For PECVD Technique Improvement of the properties and the adherence of DLC coatings deposited using a modified pulsed-DC PECVD technique and an additional cathode;;;;;;;;;;;;;;;;;;;;;;;
64;Paulo Eduardo Pissardini;A INDÚSTRIA 4.0 COMO PARADIGMA ESTRATÉGICO DA GESTÃO DE MANUFATURA (PEGEM) E SEU ALINHAMENTO COM O PLANEJAMENTO E CONTROLE DA PRODUÇÃO (PCP) A Influência Do Cuidador No Tratamento A Partir Do Uso da Cannabis Sativa Em Idosos Portadores da Doença de Alzheimer A Organização do Trabalho na Quarta Revolução Industrial: Perspectivas futuras a partir de uma abordagem Sociotécnica Capabilidades dos Smart Industrial Products: Uma Revisão Sistemática de Literatura Compreendendo a Sustentabilidade e o Comportamento do Consumidor na Indústria TêxtilUnderstanding Sustainability and Consumer Behavior in the Textile Insustry EFICIÊNCIA DA LOGÍSTICA DE ENTREGA: UMA PERSPECTIVA A PARTIR DO USO DA PESQUISA OPERACIONAL Gestão da Qualidade Agroalimentar: Um Estudo de Caso em uma empresa produtora de café em Matão - SP Hard Skills Required for Project Management in the Post-Pandemic Era: COVID-19 Contributions in Changing Professional Profile Hard Skills Required for Project Managers in the Post-Pandemic Period: COVID-19 Contributions in Changing Professional Profile Hierarquia Condicional entre elementos do pilar Capacitadores na Arquitetura Funcional do PCP da Indústria 4.0 Implantação de um modelo de qualidade de software em uma empresa de Tecnologia da Informação (TI) na cidade de Maringá - PR Indústria 4.0 como Paradigma Estratégico de Gestão de Manufatura e seu alinhamento com o Planejamento e Controle de Produção Logística reversa e sustentabilidade: Uma survey que adapta e valida direcionadores teóricos para consumidores de produtos têxteis da região de São Paulo Modelagem de Negócio utilizando o Business Model Generation (Canvas) na construção de uma startup de Gestão Eletrônica de Documentos (GED) para transportadores de carga terrestres O Planejamento e Controle da Produção na Indústria 4.0 e seu alinhamento com os Paradigmas Estratégicos de Gestão da Manufatura RFID and Industry 4.0: The technology's Role on Shop Floor Control Operationalization RFID in Industry 4.0: The technology's Role in Shop Floor Control Operationalisation Sistema de Coordenação de Ordens para a Indústria 4.0: Proposta de uma Arquitetura para implantação Smart Industrial Products' Role in achieving Cross-functional Integration: Information Processing Theory Lens for an unified framework Smart industrial products’ role in industry 4.0: from a strategic paradigm of manufacturing management towards new holonic manufacturing system Smart-enhanced organisational functions: A framework comprising capabilities, barriers, and evolutional path Um estudo sobre as barreiras da adoção de Smart Industrial Products (SIP);;;;;;;;;;;;;;;;;;;;;;;
65;Pedro Ernesto Schiavinatti Tavares;Dynamical evolution and decay of multi-charged quantum vortex in a Bose-Einstein condensate Energy cascade in a far-from-equilibrium inhomogeneous trapped Bose gas obtained by power spectrum analysis Exploring emergent heterogeneous phases in strongly repulsive Fermi gases Matter wave speckle observed in an out-of-equilibrium quantum fluid Quantum turbulence in trapped atomic Bose-Einstein condensates Thermodynamic measurement of the sound velocity of a Bose gas across the transition to Bose-Einstein condensation Time-Resolved Observation of Competing Attractive and Repulsive Short-Range Correlations in Strongly Interacting Fermi Gases Universal dynamics of a turbulent superfluid Bose gas;;;;;;;;;;;;;;;;;;;;;;;
66;Priscila Hanako Ishy de Magalhães;PARA ?SER COMO UM RIO?: notas sobre a literatura indígena como espaço de alteridade epistemológica;;;;;;;;;;;;;;;;;;;;;;;
67;Regivaldo Sousa Ferreira;A Study of The Market of Fat Ox and Corn in Bahia/Brazil Via Weighted Networks By -_DCCA Análise comparativa de técnicas de aprendizagem de máquina para classificação de materiais descartáveis ANÁLISE DE DADOS ABERTOS SOBRE EVASÃO ESCOLAR NOS INSTITUTOS FEDERAIS DE SÃO PAULO DESENVOLVIMENTO DE UMA APLICAÇÃO WEB PARA DIVULGAÇÃO DE CONTEÚDOS E FERRAMENTAS ACERCA DA CIBERSEGURANÇA DETECÇÃO DE ATAQUES DDOS POR MEIO DE APRENDIZADO DE MÁQUINA La realidad virtual como herramienta para la educación básica y profesional Mineração de dados de feedbacks de clientes por meio da apresentação de nuvem de palavras Sistema de monitoramento de biodigestores anaeróbicos por meio de plataformas embarcadas;;;;;;;;;;;;;;;;;;;;;;;
68;Reinaldo da Silva Caraça;Efeitos relativísticos sobre observadores uniformemente acelerados Second-order teleparallel gauge theory;;;;;;;;;;;;;;;;;;;;;;;
69;Renato Cristiano Montanher;Complex World: um jogo para auxiliar o aprendizado de inglês como segunda língua utilizando a abordagem pedagógica do Pensamento Complexo Estratégia de Comunicação Síncrona para interatividade e construção do conhecimento na perspectiva do mundo Pós-Covid-19: Relato de Experiência Juego digital para aprender inglés como segunda lengua utilizando el pensamiento complejo Revisão Sistemática sobre o uso de jogos no ensino de língua estrangeira Uso de chatbots para o ensino de línguas estrangeiras: uma revisão da literatura;;;;;;;;;;;;;;;;;;;;;;;
70;Renato Marcon Pugliese;A história da física e a física escolar: incoerências entre a ciência e o ensino. Autonomia do trabalho docente no Instituto Federal de São Paulo: carreira, reflexões e dilemas atuais Da transferência de recursos públicos para o setor privado: a contrarreforma do ensino médio no Brasil O novo ciclo de reformas educacionais no Brasil e suas implicações sobre o trabalho docente O trabalho do professor de Física no ensino médio: um retrato da realidade, da vontade e da necessidade nos âmbitos socioeconômico e metodológico OBSERVATÓRIO DE POLÍTICAS PÚBLICAS: DISCUSSÕES SOBRE ACESSO E PERMANÊNCIA NA EDUCAÇÃO BÁSICA NO NOROESTE PAULISTANO Sobre o trabalho do professor de física no ensino médio: da realidade na cidade de São Paulo;;;;;;;;;;;;;;;;;;;;;;;
71;Ricardo Normanha Ribeiro de Almeida;A CENTRALIDADE DO TRABALHO EM DEBATE: NOTAS PARA UM BALANÇO HISTÓRICO E APONTAMENTOS PARA O PRESENTE E FUTURO DA LUTA DE CLASSES A flexibilidade por trás das câmeras: transformações na cadeia produtiva do cinema e os impactos no mercado de trabalho As políticas de expansão do Ensino Superior no Brasil e a formação em cinema e audiovisual Gênero e trabalho na produção cinematográfica da Globo Filmes Globo Filmes: possibilidades e limites para a indústria cinematográfica nacional MERCADO DE TRABALHO EM CINEMA E AUDIOVISUAL: A FLEXIBILIDADE DA ATIVIDADE ARTÍSTICA COMO PRECARIZAÇÃO DAS FORMAS DE TRABALHO Pensando o campo cinematográfico brasileiro a partir das contribuições de Pierre Bourdieu Relações de trabalho e gênero na produção cinematográfica da Globo Filmes Sob o domínio do capital: a precariedade do trabalho artístico nas indústrias culturais;;;;;;;;;;;;;;;;;;;;;;;
72;Rita Roberta Marioto;ESCRITA PARA TERCEIRA IDADE COM O USO DE TECNOLOGIAS DIGITAIS: RELATO DE EXPERIÊNCIA Linguística Aplicada e Epistemologia da Complexidade: correlações possíveis;;;;;;;;;;;;;;;;;;;;;;;
73;Roberta Caetano Fleira;A EMERGÊNCIA DO RACIOCÍNIO ALGÉBRICO: MEDIANDO A RESOLUÇÃO DE EQUAÇÕES POLINOMIAIS DO 1ºGRAU PARA UM ALUNO AUTISTA A EMPATIA COMO RESULTADO DA SENSIBILIZAÇÃO E CONSCIENTIZAÇÃO DO DIREITO DAQUELE QUE NÃO É IGUAL A identidade inclusiva do professor de matemática como metamorfose humana A Identidade no contexto da Educação Matemática A inclusão de um aluno com TEA nas aulas de Matemática: as vozes dos envolvidos AS AUTORREFLEXÕESDAQUELES ENVOLVIDOS NA INCLUSÃO DE APRENDIZES AUTISTAS NAS AULAS DE MATEMÁTICA As vozes daqueles envolvidos na inclusão de aprendizes autistas nas aulas de Matemática Aulas de matemática remotas e inclusivas: um pandemônio na vida do professor Ensinando Seus Pares: a inclusão de um aluno autista nas aulas de Matemática OS ALUNOS COM TRANSTORNO DO ESPECTRO AUTISTA NA PERSPECTIVA DA MATEMÁTICA ESCOLAR INCLUSIVA: UMA ANÁLISE DE TRABALHOS ACADÊMICOS PRÁTICAS DE ENSINO PARA A INCLUSÃO DE UM ALUNO AUTISTA NAS AULAS DE MATEMÁTICA Reflexões sobre os ENEMI?S nas versões presencial e a distância: um olhar para a Roda de Conversa RELAÇÕES ENTRE CONCEPÇÕES E PRÁTICAS DE PROFESSORES DE MATEMÁTICA EM CLASSES INCLUSIVAS;;;;;;;;;;;;;;;;;;;;;;;
74;Robson Barbosa;ACESSIBILIDADE E LEGISLAÇÃO NO BRASIL ? UM ESTUDO NA CPTM ECONOMIA CIRCULAR E POLÍTICAS PÚBLICAS: LEGISLAÇÃO E DESAFIOS Economia Circular no Brasil: Estudo de caso em um Centro de Recondicionamento de Computadores ECONOMIA CIRCULAR: CONCEITOS E PERSPECTIVAS NA SOCIEDADE CONTEMPORÂNEA FERRAMENTAS DO MARKETING DIGITAL COMO ESTRATÉGIA DE CONSOLIDAÇÃO DE MARCA: UM ESTUDO SOBRE C6 BANK Generation Z and technologies on museums ? Its influence on perceptions about Quality, Arousal and E-WOM Intentions GESTÃO DE DOCUMENTOS E A SUA IMPORTÂNCIA NO GERENCIAMENTO DE PROJETOS Internet of Things (IoT) in Urban Mobility: The Case of Bus Rapid Transit (BRT) of São José Dos Campos City MIGRANTES E REFUGIADOS: O CASO DO APLICATIVO MANUAL DO IMIGRANTE NA CIDADE DE SÃO PAULO O CENÁRIO DAS FAVELAS NO MUNICÍPIO DE SÃO PAULO O INSTRUMENTO DO MICROCRÉDITO: LEALDADE DO CLIENTE E IMPACTOS SOCIAIS OPERACIONALIZAÇÃO DO ATENDIMENTO NO PRONTO-SOCORRO: UM ESTUDO DE CASO EM UM HOSPITAL PÚBLICO-PRIVADO Overbooking: Uma Gestão de Conflitos Operacionais de uma Companhia Aérea POLÍTICAS EDUCACIONAIS NA PERSPECTIVA DA EDUCAÇÃO ESPECIAL: PROPOSTA DE UM PORTAL PARA GESTÃO DE ALTAS HABILIDADES E SUPERDOTAÇÃO RISCO ENERGÉTICO NAS CIDADES: AUMENTANDO A RESILIÊNCIA PELO CONTROLE DAS OPERAÇÕES TERCEIRIZAÇÃO DE FROTA;;;;;;;;;;;;;;;;;;;;;;;
75;Rogério Aparecido Campanari Xavier;La realidad virtual como herramienta para la educaciÃ³n bÃ¡sica y profesional;;;;;;;;;;;;;;;;;;;;;;;
76;Rogério Aparecido Pereira;<scp>lilacs</scp> search strategy for systematic reviews of diagnostic test accuracy studies;;;;;;;;;;;;;;;;;;;;;;;
77;Rogério Deitali Bruno;O processo de construção do PIBID 2018 no âmbito do curso de Licenciatura em Física do campus Registro do IFSP;;;;;;;;;;;;;;;;;;;;;;;
78;Romario Araujo Pinheiro;Diamond and Carbon Nanotube Composites for Supercapacitor Devices Graphene sheets produced by carbon nanotubes unzipping and their performance as supercapacitor Influence of catalyst particles on multi-walled carbon nanotubes morphology and structure Laser cladding of vanadium carbide interlayer for CVD diamond growth on steel substrate Methods to grow porous diamond film doped with boron and nitrogen by deposition on carbon nanotubes Porous boron-doped diamond/CNT electrode as electrochemical sensor for flow-injection analysis applications Synthesis and Characterization of Carbon Fiber Based Porous CNTs-RGO/BDD for Application as Microelectrodes Thin-film nanocomposites of BDD/CNT deposited on carbon fiber Unzipping of Multi-walled Carbon Nanotubes by Hydrogen Plasma Vertically aligned carbon nanotubes (VACNT) surfaces coated with polyethylene for enhanced dew harvesting Water vapor condensation and collection by super-hydrophilic and super-hydrophobic VACNTs Water Vapor Condensation from Atmospheric Air by Super-Hydrophobic VACNTs Growth on Stainless Steel Pipes Water Vapor Extraction from Humid Air by Super-Hydrophilic VACNTs Growth on Stainless Steel Screen;;;;;;;;;;;;;;;;;;;;;;;
79;Silene Jucelino de Lima;Contabilidade Básica. 2017. (Curso de curta duração ministrado/Extensão) Operacionalização do Atendimento no Pronto-Socorro: Um Estudo de Caso em um Hospital Público-Privado;;;;;;;;;;;;;;;;;;;;;;;
80;Tatiana Aparecida Picosque;Da morada áspera de Herberto Helder: residir e resistir contra Auschwitz Observatório de políticas públicas: discussões sobre acesso e permanência na educação básica no Noroeste paulistano;;;;;;;;;;;;;;;;;;;;;;;
81;Teresa Helena Buscato Martins;A adaptação de um curso de inglês do formato EAD para o formato semipresencial: relato de uma experiência com o curso e-Tec Idiomas de língua inglesa A trajetória da pesquisa e a produção do conhecimento no IFSP campus Pirituba ANÁLISE DO USO DA ORALIDADE E A VISÃO DE LÍNGUA/LINGUAGEM NOS LIVROS DIDÁTICOS PARA O ENSINO/APRENDIZAGEM DA LÍNGUA INGLESA Levantamento e análise de recursos linguísticos utilizados na área de investigações criminais Processo de Construção do Currículo de Referência em uma Instituição de Ensino;;;;;;;;;;;;;;;;;;;;;;;
82;Thiago Pedro Donadon Homem;A hybrid approach combining interior-point and branch-and-bound methods applied to the problem of sugar cane waste A hybrid approach to learn, retrieve and reuse qualitative cases A Robot Simulator Based on the Cross Architecture for the Development of Cognitive Robotics Aplicação de visão computacional para o monitoramento do uso de máscaras de proteção Aplicación de inteligencia artificial para monitorear el uso de mascarillas de protección Deep Reinforcement Learning for a Humanoid Robot Soccer Player Detecting Soccer Balls with Reduced Neural Networks Estratégia de Comunicação Síncrona para interatividade e construção do conhecimento na perspectiva do mundo Pós-Covid-19: Relato de Experiência Humanoid Robot Framework for Research on Cognitive Robotics Improving Reinforcement Learning Results with Qualitative Spatial Representation Object Detection under Constrained Hardware Scenarios: A Comparative Study of Reduced Convolutional Network Architectures PERCEPÇÕES DA APLICAÇÃO DO PROJETO -EMPODERAMENTO FEMININO ATRAVÉS DA GERAÇÃO DE RENDA PELAS VENDAS- Qualitative case-based reasoning and learning Retrieving and reusing qualitative cases: An application in humanoid-robot soccer Uma aplicação do método Q-learning na navegação de robôs móveis;;;;;;;;;;;;;;;;;;;;;;;
83;Thiago Silva Broze;APLICAÇÃO DA GESTÃO DE ESTOQUE: UM ESTUDO DE CASO EM UM BOTECO UTILIZANDO A CLASSIFICAÇÃO ABC Aplicação de modelo multicritério para priorização de alternativas em um hospital de Petrolina - PE Aplicação do design macroergonômico em linha de montagem de desktops As estratégias das universidades gaúchas no ecossistema de inovação do Estado do Rio Grande do Sul As estratégias dos stakeholders sob a ótica da inovação no ecossistema do estado de Santa Catarina As estratégias dos stakeholders sob a ótica da inovação no ecossistema do estado de SC DIAGNÓSTICO E REDUÇÃO DE PERDAS DE EMBALAGEM E REPROCESSO EM SUÍNOS ATRAVÉS DAS FERRAMENTAS DA QUALIDADE Diretrizes técnicas para a implementação do adicional de penosidade no ramo trabalhista brasileiro Fatores que influenciam o desenvolvimento de empresas incubadas do setor do agronegócio: Uma pesquisa de perspectiva Fatores que influenciam o desenvolvimento de empresas incubadas: uma pesquisa de perspectiva O papel dos parques científicos e tecnológicos no âmbito da inovação e no desenvolvimento do Estado do RS Política Pública de Incentivo à Criação de Trabalho e Renda em Estância Climática RISK ANALYSIS IN ENTERPRISES IN THE INCUBATION PHASE: a case study in a southern Brazil incubator UM ESTUDO SOBRE AS INCUBADORAS DE EMPRESAS NO ESTADO DO RIO GRANDE DO SUL UTILIZAÇÃO DA ANALISE ENVOLTÓRIA DE DADOS (DEA) COMO FERRAMENTA DE BENCHMARKING DE EMPRESAS INOVADORAS INTERNACIONALIZADAS;;;;;;;;;;;;;;;;;;;;;;;
84;Valdir Donizete dos Santos Junior;A América Latina em disputa: História e historiografia de uma polêmica A democracia na América: perspectivas francesas sobre o governo de Andrew Jackson nos Estados Unidos da década de 1830 A latinidade e as Luzes: a França, o Oriente e o lugar das Américas nas Lettres sur l?Amérique du Nord, de Michel Chevalier (1836)' Apresentação Duarte da Ponte Ribeiro e a Primeira Missão Diplomática Brasileira no México: Entre a Distância e a Experiência Comum (1834-1835) Musas, máscaras e mitos: as ambiguidades do liberalismo na historiografia sobre o século XIX na América Latina O Bicentenário para além da nação Protestantismo e indústria;;;;;;;;;;;;;;;;;;;;;;;
85;Vanessa Regina Ferreira da Silva;A Literatura Intantil e Juvenil nos Cursos de Letras A velhota cambalhota, de Sylvia Orthof: um novo olhar sobre velhice Autonomia do trabalho docente no Instituto Federal de São Paulo: carreira, reflexões e dilemas atuais;;;;;;;;;;;;;;;;;;;;;;;
86;Whisner Fraga Mamede;Aquisição de sinal cardíaco por fotopletismografia utilizando arduino;;;;;;;;;;;;;;;;;;;;;;;
87;Wilian Ramalho Feitosa;A ATIVIDADE DE ZELADORIA URBANA E A INCIDÊNCIA DE PROPAGANDA IRREGULAR EM POSTES DE ILUMINAÇÃO ? UM ESTUDO EXPLORATÓRIO A atividade de zeladoria urbana e a incidência de propaganda irregular em postes de iluminação ? Um estudo exploratório A case study about services quality evaluation in a logistics company A CASE STUDY ABOUT SERVICES QUALITY IN A COMPANY OF IT AUTOMATION BANK SERVICES A implantação da gestão de facilities em um Centro de Distribuição: um estudo de caso A interação de clientes em uma ação promocional digital - o caso da campanha Monopoly do McDonalds A quasi-experimental approach to analyzing sexual appeal and gender in advertising ? evidences from Brazil A RELEVÂNCIA DA CULTURA ORGANIZACIONAL NA PREVENÇÃO DA CORRUPÇÃO E NO CULTIVO DE LIDERANÇAS ÉTICAS NAS OPERAÇÕES LOGÍSTICAS A STUDY OF GENERATION Z PERCEPTIONS ABOUT MUSEUMS QUALITY AND E-WOM INTENTIONS ACESSIBILIDADE E LEGISLAÇÃO NO BRASIL ? UM ESTUDO NA CPTM ACESSIBILIDADE E MOBILIDADE URBANA NAS PRINCIPAIS CIDADES INTELIGENTES BRASILEIRAS Advocacy and Online Petitions: A Discussion Based on the Renca Case Advocacy and online Petitions: considerations from the RENCA case and green movements AMPLIAÇÃO DA COMUNICAÇÃO DA DEFESA CIVIL COM MORADORES DA CAPITAL DE SÃO PAULO Are business students more financially literate? Evidence of differences in financial literacy amongst Portuguese college students AS REDES SOCIAIS E A CONSTRUÇÃO DO POSICIONAMENTO DE UM DESTINO TURÍSTICO: UM ESTUDO DE CASO SOBRE A CIDADE DE GUARAREMA E SEUS VISITANTES-DIA Desenvolvimento de um Sistema de Controle de Acesso e Monitoramento IoT para o IFSP - Campus Pirituba Diferencias de Envolvimiento con Productos entre Cohortes: un Estudio Exploratorio EL USO DE LAS REDES SOCIALES PARA POSICIONAR UN DESTINO TURÍSTICO: EL CASO DE LA CIUDAD DE GUARAREMA Y SUS VISITANTES DEL DÍA EL USO DE LAS REDES SOCIALES PARA POSICIONAR UN DESTINO TURÍSTICO: EL CASO DE LA CIUDAD DE GUARAREMA Y SUS VISITANTES DEL DÍA EMOÇÕES NA RELAÇÃO ENTRE VENDEDORES E CONSUMIDORES NA PRESTAÇÃO DE SERVIÇOS FERRAMENTAS DO MARKETING DIGITAL COMO ESTRATÉGIA DE CONSOLIDAÇÃO DE MARCA: UM ESTUDO SOBRE C6 BANK Generation Z and technologies on museums ? Its influence on perceptions about Quality, Arousal and E-WOM Intentions GEOANALYTICS APLICADO AO CONCEITO DE CIDADES INTELIGENTES GOVERNANÇA DIGITAL E A TRANSPARÊNCIA EM LICITAÇÕES E CONTRATOS: UM ESTUDO DE CASO NA CIDADE DE SÃO PAULO GREEN GENTRIFICATION - ITS CHARACTERISTICS AND FUTURE PERSPECTIVES How Social Media Can Contribute to Wellbeing Amongst Autists and Their Families ? A Study based on Virtual Communities Content How to increase engagement on social media using the honeycomb model O INSTRUMENTO DO MICROCRÉDITO: LEALDADE DO CLIENTE E IMPACTOS SOCIAIS O marketing na era digital: análise de dados no foco O PAPEL DAS REDES SOCIAIS NA MOBILIZAÇÃO PARA EMISSÃO DE TÍTULOS ELEITORAIS NA FAIXA ETÁRIA DE 16 ANOS O PAPEL DOS VENDEDORES E MUDANÇAS NO VAREJO NO CONTEXTO OMNICHANNEL O papel dos vendedores no varejo no contexto omnichannel ? Um estudo de caso em uma loja de sapatos Online brand content sharing on social networks ? an experiment assessing the role of emotions on news and advertising online sharing Online brand content sharing on social networks ? an experiment comparing advertisement and news Operacionalização do Atendimento no Pronto-Socorro: Um Estudo de Caso em um Hospital Público-Privado Overbooking: Uma Gestão de Conflitos Operacionais de uma Companhia Aérea POLÍTICAS EDUCACIONAIS NA PERSPECTIVA DA EDUCAÇÃO ESPECIAL: PROPOSTA DE UM PORTAL PARA GESTÃO DE ALTAS HABILIDADES E SUPERDOTAÇÃO PROJETO CATANDO HISTÓRIAS ? INTEGRANDO O CONHECIMENTO SOBRE LOGÍSTICA REVERSA COM A HISTÓRIA DA CIDADE DE SÃO PAULO RADAR DE MUSEUS ? PROMOVENDO ACESSO A CULTURA E COMPREENDENDO A QUALIDADE DE SERVIÇOS Relative share, switching costs, and price policies ? An exploratory study about buying on B2B Revista Inovação Social | ISSN: 2674 - 8185 Volume 6 / Edição Especial / jan. - jun. ? 202 4 www.revistainovacaosocial.com.br 83 O PAPEL DAS REDES SOCIAIS NA MOBILIZAÇÃO PARA EMISSÃO DE TÍTULOS ELEITORAIS NA FAIXA ETÁRIA DE 16 A 18 ANOS NAS ELEIÇÕES DE 2022 The role of salespeople motivation on omnichannel context - A case study in a shoes store UM ESTUDO DE CASO SOBRE A AVALIAÇÃO DA QUALIDADE DE SERVIÇOS EM UMA EMPRESA DE LOGÍSTICA À LUZ DO MODELO SERVQUAL Um estudo de caso sobre a gestão de portfólio de projetos por meio de um escritório de projetos ? o caso da TECBAN UM ESTUDO DE CASO SOBRE A QUALIDADE NA PRESTAÇÃO DE SERVIÇOS EM UMA EMPRESA DE AUTOMAÇÃO BANCARIA, AUTOMAÇÃO COMERCIAL E SERVIÇOS DE TI Using the Honeycomb model to analyse engagement on social media ? a case study of a Portuguese company;;;;;;;;;;;;;;;;;;;;;;;
88;William Rosseti;A RELAÇÃO ENTRE O CONSUMO DE ALIMENTOS NOS ESTADOS BRASILEIROS COM A FORMAÇÃO ANTROPOMÉTRICA NO BRASIL ACESSIBILIDADE E LEGISLAÇÃO NO BRASIL ? UM ESTUDO NA CPTM ACESSIBILIDADE E MOBILIDADE URBANA NAS PRINCIPAIS CIDADES INTELIGENTES BRASILEIRAS ANÁLISE DA OFERTA DE ALIMENTOS MINIMAMENTE PROCESSADOS E ULTRAPROCESSADOS NA REGIÃO DA VILA PIRITUBA COMO A LOGÍSTICA REVERSA PODE AMENIZAR O DESCARTE INDEVIDO DE RESÍDUOS DE MODA DA INDÚSTRIA TÊXTIL FERRAMENTAS DO MARKETING DIGITAL COMO ESTRATÉGIA DE CONSOLIDAÇÃO DE MARCA: UM ESTUDO SOBRE C6 BANK GESTÃO DE DOCUMENTOS E A SUA IMPORTÂNCIA NO GERENCIAMENTO DE PROJETOS Overbooking: Uma Gestão de Conflitos Operacionais de uma Companhia Aérea PROJETO CATANDO HISTÓRIAS ? INTEGRANDO O CONHECIMENTO SOBRE LOGÍSTICA REVERSA COM A HISTÓRIA DA CIDADE DE SÃO PAULO RISCO ENERGÉTICO NAS CIDADES: AUMENTANDO A RESILIÊNCIA PELO CONTROLE DAS OPERAÇÕES Transporte público e mobilidade na cidade de São Paulo: perspectivas da comunidade do IFSP - Pirituba;;;;;;;;;;;;;;;;;;;;;;;
;;;;;;;;;;;;;;;;;;;;;;;;;
;;;;;;;;;;;;;;;;;;;;;;;;;
;;;;;;;;;;;;;;;;;;;;;;;;;
;;;;;;;;;;;;;;;;;;;;;;;;;
;;;;;;;;;;;;;;;;;;;;;;;;;
;;;;;;;;;;;;;;;;;;;;;;;;;
;;;;;;;;;;;;;;;;;;;;;;;;;
;;;;;;;;;;;;;;;;;;;;;;;;;
;;;;;;;;;;;;;;;;;;;;;;;;;
;;;;;;;;;;;;;;;;;;;;;;;;;
;;;;;;;;;;;;;;;;;;;;;;;;;
;;;;;;;;;;;;;;;;;;;;;;;;;
;;;;;;;;;;;;;;;;;;;;;;;;;
;;;;;;;;;;;;;;;;;;;;;;;;;
;;;;;;;;;;;;;;;;;;;;;;;;;
;;;;;;;;;;;;;;;;;;;;;;;;;
;;;;;;;;;;;;;;;;;;;;;;;;;
;;;;;;;;;;;;;;;;;;;;;;;;;
;;;;;;;;;;;;;;;;;;;;;;;;;
;;;;;;;;;;;;;;;;;;;;;;;;;
;;;;;;;;;;;;;;;;;;;;;;;;;
;;;;;;;;;;;;;;;;;;;;;;;;;
;;;;;;;;;;;;;;;;;;;;;;;;;
;;;;;;;;;;;;;;;;;;;;;;;;;
;;;;;;;;;;;;;;;;;;;;;;;;;
;;;;;;;;;;;;;;;;;;;;;;;;;
;;;;;;;;;;;;;;;;;;;;;;;;;
;;;;;;;;;;;;;;;;;;;;;;;;;
;;;;;;;;;;;;;;;;;;;;;;;;;
;;;;;;;;;;;;;;;;;;;;;;;;;
;;;;;;;;;;;;;;;;;;;;;;;;;
;;;;;;;;;;;;;;;;;;;;;;;;;
;;;;;;;;;;;;;;;;;;;;;;;;;
;;;;;;;;;;;;;;;;;;;;;;;;;
;;;;;;;;;;;;;;;;;;;;;;;;;
;;;;;;;;;;;;;;;;;;;;;;;;;
;;;;;;;;;;;;;;;;;;;;;;;;;
;;;;;;;;;;;;;;;;;;;;;;;;;
;;;;;;;;;;;;;;;;;;;;;;;;;
;;;;;;;;;;;;;;;;;;;;;;;;;
;;;;;;;;;;;;;;;;;;;;;;;;;
;;;;;;;;;;;;;;;;;;;;;;;;;
;;;;;;;;;;;;;;;;;;;;;;;;;
;;;;;;;;;;;;;;;;;;;;;;;;;
;;;;;;;;;;;;;;;;;;;;;;;;;
;;;;;;;;;;;;;;;;;;;;;;;;;
;;;;;;;;;;;;;;;;;;;;;;;;;
;;;;;;;;;;;;;;;;;;;;;;;;;
;;;;;;;;;;;;;;;;;;;;;;;;;
;;;;;;;;;;;;;;;;;;;;;;;;;
;;;;;;;;;;;;;;;;;;;;;;;;;
;;;;;;;;;;;;;;;;;;;;;;;;;
;;;;;;;;;;;;;;;;;;;;;;;;;
;;;;;;;;;;;;;;;;;;;;;;;;;
;;;;;;;;;;;;;;;;;;;;;;;;;
;;;;;;;;;;;;;;;;;;;;;;;;;
;;;;;;;;;;;;;;;;;;;;;;;;;
;;;;;;;;;;;;;;;;;;;;;;;;;
;;;;;;;;;;;;;;;;;;;;;;;;;
;;;;;;;;;;;;;;;;;;;;;;;;;
;;;;;;;;;;;;;;;;;;;;;;;;;
;;;;;;;;;;;;;;;;;;;;;;;;;
;;;;;;;;;;;;;;;;;;;;;;;;;
;;;;;;;;;;;;;;;;;;;;;;;;;
;;;;;;;;;;;;;;;;;;;;;;;;;
;;;;;;;;;;;;;;;;;;;;;;;;;
;;;;;;;;;;;;;;;;;;;;;;;;;
;;;;;;;;;;;;;;;;;;;;;;;;;
;;;;;;;;;;;;;;;;;;;;;;;;;
;;;;;;;;;;;;;;;;;;;;;;;;;
;;;;;;;;;;;;;;;;;;;;;;;;;
;;;;;;;;;;;;;;;;;;;;;;;;;
;;;;;;;;;;;;;;;;;;;;;;;;;
;;;;;;;;;;;;;;;;;;;;;;;;;
;;;;;;;;;;;;;;;;;;;;;;;;;
;;;;;;;;;;;;;;;;;;;;;;;;;
;;;;;;;;;;;;;;;;;;;;;;;;;
;;;;;;;;;;;;;;;;;;;;;;;;;
;;;;;;;;;;;;;;;;;;;;;;;;;
;;;;;;;;;;;;;;;;;;;;;;;;;
;;;;;;;;;;;;;;;;;;;;;;;;;
;;;;;;;;;;;;;;;;;;;;;;;;;
;;;;;;;;;;;;;;;;;;;;;;;;;
;;;;;;;;;;;;;;;;;;;;;;;;;
;;;;;;;;;;;;;;;;;;;;;;;;;
;;;;;;;;;;;;;;;;;;;;;;;;;
;;;;;;;;;;;;;;;;;;;;;;;;;
;;;;;;;;;;;;;;;;;;;;;;;;;
;;;;;;;;;;;;;;;;;;;;;;;;;
;;;;;;;;;;;;;;;;;;;;;;;;;
;;;;;;;;;;;;;;;;;;;;;;;;;
;;;;;;;;;;;;;;;;;;;;;;;;;
;;;;;;;;;;;;;;;;;;;;;;;;;
;;;;;;;;;;;;;;;;;;;;;;;;;
;;;;;;;;;;;;;;;;;;;;;;;;;
;;;;;;;;;;;;;;;;;;;;;;;;;
;;;;;;;;;;;;;;;;;;;;;;;;;
;;;;;;;;;;;;;;;;;;;;;;;;;
;;;;;;;;;;;;;;;;;;;;;;;;;
;;;;;;;;;;;;;;;;;;;;;;;;;
;;;;;;;;;;;;;;;;;;;;;;;;;
;;;;;;;;;;;;;;;;;;;;;;;;;
;;;;;;;;;;;;;;;;;;;;;;;;;
;;;;;;;;;;;;;;;;;;;;;;;;;
;;;;;;;;;;;;;;;;;;;;;;;;;
;;;;;;;;;;;;;;;;;;;;;;;;;
;;;;;;;;;;;;;;;;;;;;;;;;;
;;;;;;;;;;;;;;;;;;;;;;;;;
;;;;;;;;;;;;;;;;;;;;;;;;;
;;;;;;;;;;;;;;;;;;;;;;;;;
;;;;;;;;;;;;;;;;;;;;;;;;;
;;;;;;;;;;;;;;;;;;;;;;;;;
;;;;;;;;;;;;;;;;;;;;;;;;;
;;;;;;;;;;;;;;;;;;;;;;;;;
;;;;;;;;;;;;;;;;;;;;;;;;;
;;;;;;;;;;;;;;;;;;;;;;;;;
;;;;;;;;;;;;;;;;;;;;;;;;;
;;;;;;;;;;;;;;;;;;;;;;;;;
;;;;;;;;;;;;;;;;;;;;;;;;;
;;;;;;;;;;;;;;;;;;;;;;;;;
;;;;;;;;;;;;;;;;;;;;;;;;;
;;;;;;;;;;;;;;;;;;;;;;;;;
;;;;;;;;;;;;;;;;;;;;;;;;;
;;;;;;;;;;;;;;;;;;;;;;;;;
;;;;;;;;;;;;;;;;;;;;;;;;;
;;;;;;;;;;;;;;;;;;;;;;;;;
;;;;;;;;;;;;;;;;;;;;;;;;;
;;;;;;;;;;;;;;;;;;;;;;;;;
;;;;;;;;;;;;;;;;;;;;;;;;;
;;;;;;;;;;;;;;;;;;;;;;;;;
;;;;;;;;;;;;;;;;;;;;;;;;;
;;;;;;;;;;;;;;;;;;;;;;;;;
;;;;;;;;;;;;;;;;;;;;;;;;;
;;;;;;;;;;;;;;;;;;;;;;;;;
;;;;;;;;;;;;;;;;;;;;;;;;;
;;;;;;;;;;;;;;;;;;;;;;;;;
;;;;;;;;;;;;;;;;;;;;;;;;;
;;;;;;;;;;;;;;;;;;;;;;;;;
;;;;;;;;;;;;;;;;;;;;;;;;;
;;;;;;;;;;;;;;;;;;;;;;;;;
;;;;;;;;;;;;;;;;;;;;;;;;;
;;;;;;;;;;;;;;;;;;;;;;;;;
;;;;;;;;;;;;;;;;;;;;;;;;;
;;;;;;;;;;;;;;;;;;;;;;;;;
;;;;;;;;;;;;;;;;;;;;;;;;;
;;;;;;;;;;;;;;;;;;;;;;;;;
;;;;;;;;;;;;;;;;;;;;;;;;;
;;;;;;;;;;;;;;;;;;;;;;;;;
;;;;;;;;;;;;;;;;;;;;;;;;;
;;;;;;;;;;;;;;;;;;;;;;;;;
;;;;;;;;;;;;;;;;;;;;;;;;;
;;;;;;;;;;;;;;;;;;;;;;;;;
;;;;;;;;;;;;;;;;;;;;;;;;;
;;;;;;;;;;;;;;;;;;;;;;;;;
;;;;;;;;;;;;;;;;;;;;;;;;;
;;;;;;;;;;;;;;;;;;;;;;;;;
;;;;;;;;;;;;;;;;;;;;;;;;;
;;;;;;;;;;;;;;;;;;;;;;;;;
;;;;;;;;;;;;;;;;;;;;;;;;;
;;;;;;;;;;;;;;;;;;;;;;;;;
;;;;;;;;;;;;;;;;;;;;;;;;;
;;;;;;;;;;;;;;;;;;;;;;;;;
;;;;;;;;;;;;;;;;;;;;;;;;;
;;;;;;;;;;;;;;;;;;;;;;;;;
;;;;;;;;;;;;;;;;;;;;;;;;;
;;;;;;;;;;;;;;;;;;;;;;;;;
;;;;;;;;;;;;;;;;;;;;;;;;;
;;;;;;;;;;;;;;;;;;;;;;;;;
;;;;;;;;;;;;;;;;;;;;;;;;;
;;;;;;;;;;;;;;;;;;;;;;;;;
;;;;;;;;;;;;;;;;;;;;;;;;;
;;;;;;;;;;;;;;;;;;;;;;;;;
;;;;;;;;;;;;;;;;;;;;;;;;;
;;;;;;;;;;;;;;;;;;;;;;;;;
;;;;;;;;;;;;;;;;;;;;;;;;;
;;;;;;;;;;;;;;;;;;;;;;;;;
;;;;;;;;;;;;;;;;;;;;;;;;;
;;;;;;;;;;;;;;;;;;;;;;;;;
;;;;;;;;;;;;;;;;;;;;;;;;;
;;;;;;;;;;;;;;;;;;;;;;;;;
;;;;;;;;;;;;;;;;;;;;;;;;;
;;;;;;;;;;;;;;;;;;;;;;;;;
;;;;;;;;;;;;;;;;;;;;;;;;;
;;;;;;;;;;;;;;;;;;;;;;;;;
;;;;;;;;;;;;;;;;;;;;;;;;;
;;;;;;;;;;;;;;;;;;;;;;;;;
;;;;;;;;;;;;;;;;;;;;;;;;;
;;;;;;;;;;;;;;;;;;;;;;;;;
;;;;;;;;;;;;;;;;;;;;;;;;;
;;;;;;;;;;;;;;;;;;;;;;;;;
;;;;;;;;;;;;;;;;;;;;;;;;;
;;;;;;;;;;;;;;;;;;;;;;;;;
;;;;;;;;;;;;;;;;;;;;;;;;;
;;;;;;;;;;;;;;;;;;;;;;;;;
;;;;;;;;;;;;;;;;;;;;;;;;;
;;;;;;;;;;;;;;;;;;;;;;;;;
;;;;;;;;;;;;;;;;;;;;;;;;;
;;;;;;;;;;;;;;;;;;;;;;;;;
;;;;;;;;;;;;;;;;;;;;;;;;;
;;;;;;;;;;;;;;;;;;;;;;;;;
;;;;;;;;;;;;;;;;;;;;;;;;;
;;;;;;;;;;;;;;;;;;;;;;;;;
;;;;;;;;;;;;;;;;;;;;;;;;;
;;;;;;;;;;;;;;;;;;;;;;;;;
;;;;;;;;;;;;;;;;;;;;;;;;;
;;;;;;;;;;;;;;;;;;;;;;;;;
;;;;;;;;;;;;;;;;;;;;;;;;;
;;;;;;;;;;;;;;;;;;;;;;;;;
;;;;;;;;;;;;;;;;;;;;;;;;;
;;;;;;;;;;;;;;;;;;;;;;;;;
;;;;;;;;;;;;;;;;;;;;;;;;;
;;;;;;;;;;;;;;;;;;;;;;;;;
;;;;;;;;;;;;;;;;;;;;;;;;;
;;;;;;;;;;;;;;;;;;;;;;;;;
;;;;;;;;;;;;;;;;;;;;;;;;;
;;;;;;;;;;;;;;;;;;;;;;;;;
;;;;;;;;;;;;;;;;;;;;;;;;;
;;;;;;;;;;;;;;;;;;;;;;;;;
;;;;;;;;;;;;;;;;;;;;;;;;;
;;;;;;;;;;;;;;;;;;;;;;;;;
;;;;;;;;;;;;;;;;;;;;;;;;;
;;;;;;;;;;;;;;;;;;;;;;;;;
;;;;;;;;;;;;;;;;;;;;;;;;;
;;;;;;;;;;;;;;;;;;;;;;;;;
;;;;;;;;;;;;;;;;;;;;;;;;;
;;;;;;;;;;;;;;;;;;;;;;;;;
;;;;;;;;;;;;;;;;;;;;;;;;;
;;;;;;;;;;;;;;;;;;;;;;;;;
;;;;;;;;;;;;;;;;;;;;;;;;;
;;;;;;;;;;;;;;;;;;;;;;;;;
;;;;;;;;;;;;;;;;;;;;;;;;;
;;;;;;;;;;;;;;;;;;;;;;;;;
;;;;;;;;;;;;;;;;;;;;;;;;;
;;;;;;;;;;;;;;;;;;;;;;;;;
;;;;;;;;;;;;;;;;;;;;;;;;;
;;;;;;;;;;;;;;;;;;;;;;;;;
;;;;;;;;;;;;;;;;;;;;;;;;;
;;;;;;;;;;;;;;;;;;;;;;;;;
;;;;;;;;;;;;;;;;;;;;;;;;;
;;;;;;;;;;;;;;;;;;;;;;;;;
;;;;;;;;;;;;;;;;;;;;;;;;;
;;;;;;;;;;;;;;;;;;;;;;;;;
;;;;;;;;;;;;;;;;;;;;;;;;;
;;;;;;;;;;;;;;;;;;;;;;;;;
;;;;;;;;;;;;;;;;;;;;;;;;;
;;;;;;;;;;;;;;;;;;;;;;;;;
;;;;;;;;;;;;;;;;;;;;;;;;;
;;;;;;;;;;;;;;;;;;;;;;;;;
;;;;;;;;;;;;;;;;;;;;;;;;;
;;;;;;;;;;;;;;;;;;;;;;;;;
;;;;;;;;;;;;;;;;;;;;;;;;;
;;;;;;;;;;;;;;;;;;;;;;;;;
;;;;;;;;;;;;;;;;;;;;;;;;;
;;;;;;;;;;;;;;;;;;;;;;;;;
;;;;;;;;;;;;;;;;;;;;;;;;;
;;;;;;;;;;;;;;;;;;;;;;;;;
;;;;;;;;;;;;;;;;;;;;;;;;;
;;;;;;;;;;;;;;;;;;;;;;;;;
;;;;;;;;;;;;;;;;;;;;;;;;;
;;;;;;;;;;;;;;;;;;;;;;;;;
;;;;;;;;;;;;;;;;;;;;;;;;;
;;;;;;;;;;;;;;;;;;;;;;;;;
;;;;;;;;;;;;;;;;;;;;;;;;;
;;;;;;;;;;;;;;;;;;;;;;;;;
;;;;;;;;;;;;;;;;;;;;;;;;;
;;;;;;;;;;;;;;;;;;;;;;;;;
;;;;;;;;;;;;;;;;;;;;;;;;;
;;;;;;;;;;;;;;;;;;;;;;;;;
;;;;;;;;;;;;;;;;;;;;;;;;;
;;;;;;;;;;;;;;;;;;;;;;;;;
;;;;;;;;;;;;;;;;;;;;;;;;;
;;;;;;;;;;;;;;;;;;;;;;;;;
;;;;;;;;;;;;;;;;;;;;;;;;;
;;;;;;;;;;;;;;;;;;;;;;;;;
;;;;;;;;;;;;;;;;;;;;;;;;;
;;;;;;;;;;;;;;;;;;;;;;;;;
;;;;;;;;;;;;;;;;;;;;;;;;;
;;;;;;;;;;;;;;;;;;;;;;;;;
;;;;;;;;;;;;;;;;;;;;;;;;;
;;;;;;;;;;;;;;;;;;;;;;;;;
;;;;;;;;;;;;;;;;;;;;;;;;;
;;;;;;;;;;;;;;;;;;;;;;;;;
;;;;;;;;;;;;;;;;;;;;;;;;;
;;;;;;;;;;;;;;;;;;;;;;;;;
;;;;;;;;;;;;;;;;;;;;;;;;;
;;;;;;;;;;;;;;;;;;;;;;;;;
;;;;;;;;;;;;;;;;;;;;;;;;;
;;;;;;;;;;;;;;;;;;;;;;;;;
;;;;;;;;;;;;;;;;;;;;;;;;;
;;;;;;;;;;;;;;;;;;;;;;;;;
;;;;;;;;;;;;;;;;;;;;;;;;;
;;;;;;;;;;;;;;;;;;;;;;;;;
;;;;;;;;;;;;;;;;;;;;;;;;;
;;;;;;;;;;;;;;;;;;;;;;;;;
;;;;;;;;;;;;;;;;;;;;;;;;;
;;;;;;;;;;;;;;;;;;;;;;;;;
;;;;;;;;;;;;;;;;;;;;;;;;;
;;;;;;;;;;;;;;;;;;;;;;;;;
;;;;;;;;;;;;;;;;;;;;;;;;;
;;;;;;;;;;;;;;;;;;;;;;;;;
;;;;;;;;;;;;;;;;;;;;;;;;;
;;;;;;;;;;;;;;;;;;;;;;;;;
;;;;;;;;;;;;;;;;;;;;;;;;;
;;;;;;;;;;;;;;;;;;;;;;;;;
;;;;;;;;;;;;;;;;;;;;;;;;;
;;;;;;;;;;;;;;;;;;;;;;;;;
;;;;;;;;;;;;;;;;;;;;;;;;;
;;;;;;;;;;;;;;;;;;;;;;;;;
;;;;;;;;;;;;;;;;;;;;;;;;;
;;;;;;;;;;;;;;;;;;;;;;;;;
;;;;;;;;;;;;;;;;;;;;;;;;;
;;;;;;;;;;;;;;;;;;;;;;;;;
;;;;;;;;;;;;;;;;;;;;;;;;;
;;;;;;;;;;;;;;;;;;;;;;;;;
;;;;;;;;;;;;;;;;;;;;;;;;;
;;;;;;;;;;;;;;;;;;;;;;;;;
;;;;;;;;;;;;;;;;;;;;;;;;;
;;;;;;;;;;;;;;;;;;;;;;;;;
;;;;;;;;;;;;;;;;;;;;;;;;;
;;;;;;;;;;;;;;;;;;;;;;;;;
;;;;;;;;;;;;;;;;;;;;;;;;;
;;;;;;;;;;;;;;;;;;;;;;;;;
;;;;;;;;;;;;;;;;;;;;;;;;;
;;;;;;;;;;;;;;;;;;;;;;;;;
;;;;;;;;;;;;;;;;;;;;;;;;;
;;;;;;;;;;;;;;;;;;;;;;;;;
;;;;;;;;;;;;;;;;;;;;;;;;;
;;;;;;;;;;;;;;;;;;;;;;;;;
;;;;;;;;;;;;;;;;;;;;;;;;;
;;;;;;;;;;;;;;;;;;;;;;;;;
;;;;;;;;;;;;;;;;;;;;;;;;;
;;;;;;;;;;;;;;;;;;;;;;;;;
;;;;;;;;;;;;;;;;;;;;;;;;;
;;;;;;;;;;;;;;;;;;;;;;;;;
;;;;;;;;;;;;;;;;;;;;;;;;;
;;;;;;;;;;;;;;;;;;;;;;;;;
;;;;;;;;;;;;;;;;;;;;;;;;;
;;;;;;;;;;;;;;;;;;;;;;;;;
;;;;;;;;;;;;;;;;;;;;;;;;;
;;;;;;;;;;;;;;;;;;;;;;;;;
;;;;;;;;;;;;;;;;;;;;;;;;;
;;;;;;;;;;;;;;;;;;;;;;;;;
;;;;;;;;;;;;;;;;;;;;;;;;;
;;;;;;;;;;;;;;;;;;;;;;;;;
;;;;;;;;;;;;;;;;;;;;;;;;;
;;;;;;;;;;;;;;;;;;;;;;;;;
;;;;;;;;;;;;;;;;;;;;;;;;;
;;;;;;;;;;;;;;;;;;;;;;;;;
;;;;;;;;;;;;;;;;;;;;;;;;;
;;;;;;;;;;;;;;;;;;;;;;;;;
;;;;;;;;;;;;;;;;;;;;;;;;;
;;;;;;;;;;;;;;;;;;;;;;;;;
;;;;;;;;;;;;;;;;;;;;;;;;;
;;;;;;;;;;;;;;;;;;;;;;;;;
;;;;;;;;;;;;;;;;;;;;;;;;;
;;;;;;;;;;;;;;;;;;;;;;;;;
;;;;;;;;;;;;;;;;;;;;;;;;;
;;;;;;;;;;;;;;;;;;;;;;;;;
;;;;;;;;;;;;;;;;;;;;;;;;;
;;;;;;;;;;;;;;;;;;;;;;;;;
;;;;;;;;;;;;;;;;;;;;;;;;;
;;;;;;;;;;;;;;;;;;;;;;;;;
;;;;;;;;;;;;;;;;;;;;;;;;;
;;;;;;;;;;;;;;;;;;;;;;;;;
;;;;;;;;;;;;;;;;;;;;;;;;;
;;;;;;;;;;;;;;;;;;;;;;;;;
;;;;;;;;;;;;;;;;;;;;;;;;;
;;;;;;;;;;;;;;;;;;;;;;;;;
;;;;;;;;;;;;;;;;;;;;;;;;;
;;;;;;;;;;;;;;;;;;;;;;;;;
;;;;;;;;;;;;;;;;;;;;;;;;;
;;;;;;;;;;;;;;;;;;;;;;;;;
;;;;;;;;;;;;;;;;;;;;;;;;;
;;;;;;;;;;;;;;;;;;;;;;;;;
;;;;;;;;;;;;;;;;;;;;;;;;;
;;;;;;;;;;;;;;;;;;;;;;;;;
;;;;;;;;;;;;;;;;;;;;;;;;;
;;;;;;;;;;;;;;;;;;;;;;;;;
;;;;;;;;;;;;;;;;;;;;;;;;;
;;;;;;;;;;;;;;;;;;;;;;;;;
;;;;;;;;;;;;;;;;;;;;;;;;;
;;;;;;;;;;;;;;;;;;;;;;;;;
;;;;;;;;;;;;;;;;;;;;;;;;;
;;;;;;;;;;;;;;;;;;;;;;;;;
;;;;;;;;;;;;;;;;;;;;;;;;;
;;;;;;;;;;;;;;;;;;;;;;;;;
;;;;;;;;;;;;;;;;;;;;;;;;;
;;;;;;;;;;;;;;;;;;;;;;;;;
;;;;;;;;;;;;;;;;;;;;;;;;;
;;;;;;;;;;;;;;;;;;;;;;;;;
;;;;;;;;;;;;;;;;;;;;;;;;;
;;;;;;;;;;;;;;;;;;;;;;;;;
;;;;;;;;;;;;;;;;;;;;;;;;;
;;;;;;;;;;;;;;;;;;;;;;;;;
;;;;;;;;;;;;;;;;;;;;;;;;;
;;;;;;;;;;;;;;;;;;;;;;;;;
;;;;;;;;;;;;;;;;;;;;;;;;;
;;;;;;;;;;;;;;;;;;;;;;;;;
;;;;;;;;;;;;;;;;;;;;;;;;;
;;;;;;;;;;;;;;;;;;;;;;;;;
;;;;;;;;;;;;;;;;;;;;;;;;;
;;;;;;;;;;;;;;;;;;;;;;;;;
;;;;;;;;;;;;;;;;;;;;;;;;;
;;;;;;;;;;;;;;;;;;;;;;;;;
;;;;;;;;;;;;;;;;;;;;;;;;;
;;;;;;;;;;;;;;;;;;;;;;;;;
;;;;;;;;;;;;;;;;;;;;;;;;;
;;;;;;;;;;;;;;;;;;;;;;;;;
;;;;;;;;;;;;;;;;;;;;;;;;;
;;;;;;;;;;;;;;;;;;;;;;;;;
;;;;;;;;;;;;;;;;;;;;;;;;;
;;;;;;;;;;;;;;;;;;;;;;;;;
;;;;;;;;;;;;;;;;;;;;;;;;;
;;;;;;;;;;;;;;;;;;;;;;;;;
;;;;;;;;;;;;;;;;;;;;;;;;;
;;;;;;;;;;;;;;;;;;;;;;;;;
;;;;;;;;;;;;;;;;;;;;;;;;;
;;;;;;;;;;;;;;;;;;;;;;;;;
;;;;;;;;;;;;;;;;;;;;;;;;;
;;;;;;;;;;;;;;;;;;;;;;;;;
;;;;;;;;;;;;;;;;;;;;;;;;;
;;;;;;;;;;;;;;;;;;;;;;;;;
;;;;;;;;;;;;;;;;;;;;;;;;;
;;;;;;;;;;;;;;;;;;;;;;;;;
;;;;;;;;;;;;;;;;;;;;;;;;;
;;;;;;;;;;;;;;;;;;;;;;;;;
;;;;;;;;;;;;;;;;;;;;;;;;;
;;;;;;;;;;;;;;;;;;;;;;;;;
;;;;;;;;;;;;;;;;;;;;;;;;;
;;;;;;;;;;;;;;;;;;;;;;;;;
;;;;;;;;;;;;;;;;;;;;;;;;;
;;;;;;;;;;;;;;;;;;;;;;;;;
;;;;;;;;;;;;;;;;;;;;;;;;;
;;;;;;;;;;;;;;;;;;;;;;;;;
;;;;;;;;;;;;;;;;;;;;;;;;;
;;;;;;;;;;;;;;;;;;;;;;;;;
;;;;;;;;;;;;;;;;;;;;;;;;;
;;;;;;;;;;;;;;;;;;;;;;;;;
;;;;;;;;;;;;;;;;;;;;;;;;;
;;;;;;;;;;;;;;;;;;;;;;;;;
;;;;;;;;;;;;;;;;;;;;;;;;;
;;;;;;;;;;;;;;;;;;;;;;;;;
;;;;;;;;;;;;;;;;;;;;;;;;;
;;;;;;;;;;;;;;;;;;;;;;;;;
;;;;;;;;;;;;;;;;;;;;;;;;;
;;;;;;;;;;;;;;;;;;;;;;;;;
;;;;;;;;;;;;;;;;;;;;;;;;;
;;;;;;;;;;;;;;;;;;;;;;;;;
;;;;;;;;;;;;;;;;;;;;;;;;;
;;;;;;;;;;;;;;;;;;;;;;;;;
;;;;;;;;;;;;;;;;;;;;;;;;;
;;;;;;;;;;;;;;;;;;;;;;;;;
;;;;;;;;;;;;;;;;;;;;;;;;;
;;;;;;;;;;;;;;;;;;;;;;;;;
;;;;;;;;;;;;;;;;;;;;;;;;;
;;;;;;;;;;;;;;;;;;;;;;;;;
;;;;;;;;;;;;;;;;;;;;;;;;;
;;;;;;;;;;;;;;;;;;;;;;;;;
;;;;;;;;;;;;;;;;;;;;;;;;;
;;;;;;;;;;;;;;;;;;;;;;;;;
;;;;;;;;;;;;;;;;;;;;;;;;;
;;;;;;;;;;;;;;;;;;;;;;;;;
;;;;;;;;;;;;;;;;;;;;;;;;;
;;;;;;;;;;;;;;;;;;;;;;;;;
;;;;;;;;;;;;;;;;;;;;;;;;;
;;;;;;;;;;;;;;;;;;;;;;;;;
;;;;;;;;;;;;;;;;;;;;;;;;;
;;;;;;;;;;;;;;;;;;;;;;;;;
;;;;;;;;;;;;;;;;;;;;;;;;;
;;;;;;;;;;;;;;;;;;;;;;;;;
;;;;;;;;;;;;;;;;;;;;;;;;;
;;;;;;;;;;;;;;;;;;;;;;;;;
;;;;;;;;;;;;;;;;;;;;;;;;;
;;;;;;;;;;;;;;;;;;;;;;;;;
;;;;;;;;;;;;;;;;;;;;;;;;;
;;;;;;;;;;;;;;;;;;;;;;;;;
;;;;;;;;;;;;;;;;;;;;;;;;;
;;;;;;;;;;;;;;;;;;;;;;;;;
;;;;;;;;;;;;;;;;;;;;;;;;;
;;;;;;;;;;;;;;;;;;;;;;;;;
;;;;;;;;;;;;;;;;;;;;;;;;;
;;;;;;;;;;;;;;;;;;;;;;;;;
;;;;;;;;;;;;;;;;;;;;;;;;;
;;;;;;;;;;;;;;;;;;;;;;;;;
;;;;;;;;;;;;;;;;;;;;;;;;;
;;;;;;;;;;;;;;;;;;;;;;;;;
;;;;;;;;;;;;;;;;;;;;;;;;;
;;;;;;;;;;;;;;;;;;;;;;;;;
;;;;;;;;;;;;;;;;;;;;;;;;;
;;;;;;;;;;;;;;;;;;;;;;;;;
;;;;;;;;;;;;;;;;;;;;;;;;;
;;;;;;;;;;;;;;;;;;;;;;;;;
;;;;;;;;;;;;;;;;;;;;;;;;;
;;;;;;;;;;;;;;;;;;;;;;;;;
;;;;;;;;;;;;;;;;;;;;;;;;;
;;;;;;;;;;;;;;;;;;;;;;;;;
;;;;;;;;;;;;;;;;;;;;;;;;;
;;;;;;;;;;;;;;;;;;;;;;;;;
;;;;;;;;;;;;;;;;;;;;;;;;;
;;;;;;;;;;;;;;;;;;;;;;;;;
;;;;;;;;;;;;;;;;;;;;;;;;;
;;;;;;;;;;;;;;;;;;;;;;;;;
;;;;;;;;;;;;;;;;;;;;;;;;;
;;;;;;;;;;;;;;;;;;;;;;;;;
;;;;;;;;;;;;;;;;;;;;;;;;;
;;;;;;;;;;;;;;;;;;;;;;;;;
;;;;;;;;;;;;;;;;;;;;;;;;;
;;;;;;;;;;;;;;;;;;;;;;;;;
;;;;;;;;;;;;;;;;;;;;;;;;;
;;;;;;;;;;;;;;;;;;;;;;;;;
;;;;;;;;;;;;;;;;;;;;;;;;;
;;;;;;;;;;;;;;;;;;;;;;;;;
;;;;;;;;;;;;;;;;;;;;;;;;;
;;;;;;;;;;;;;;;;;;;;;;;;;
;;;;;;;;;;;;;;;;;;;;;;;;;
;;;;;;;;;;;;;;;;;;;;;;;;;
;;;;;;;;;;;;;;;;;;;;;;;;;
;;;;;;;;;;;;;;;;;;;;;;;;;
;;;;;;;;;;;;;;;;;;;;;;;;;
;;;;;;;;;;;;;;;;;;;;;;;;;
;;;;;;;;;;;;;;;;;;;;;;;;;
;;;;;;;;;;;;;;;;;;;;;;;;;
;;;;;;;;;;;;;;;;;;;;;;;;;
;;;;;;;;;;;;;;;;;;;;;;;;;
;;;;;;;;;;;;;;;;;;;;;;;;;
;;;;;;;;;;;;;;;;;;;;;;;;;
;;;;;;;;;;;;;;;;;;;;;;;;;
;;;;;;;;;;;;;;;;;;;;;;;;;
;;;;;;;;;;;;;;;;;;;;;;;;;
;;;;;;;;;;;;;;;;;;;;;;;;;
;;;;;;;;;;;;;;;;;;;;;;;;;
;;;;;;;;;;;;;;;;;;;;;;;;;
;;;;;;;;;;;;;;;;;;;;;;;;;
;;;;;;;;;;;;;;;;;;;;;;;;;
;;;;;;;;;;;;;;;;;;;;;;;;;
;;;;;;;;;;;;;;;;;;;;;;;;;
;;;;;;;;;;;;;;;;;;;;;;;;;
;;;;;;;;;;;;;;;;;;;;;;;;;
;;;;;;;;;;;;;;;;;;;;;;;;;
;;;;;;;;;;;;;;;;;;;;;;;;;
;;;;;;;;;;;;;;;;;;;;;;;;;
;;;;;;;;;;;;;;;;;;;;;;;;;
;;;;;;;;;;;;;;;;;;;;;;;;;
;;;;;;;;;;;;;;;;;;;;;;;;;
;;;;;;;;;;;;;;;;;;;;;;;;;
;;;;;;;;;;;;;;;;;;;;;;;;;
;;;;;;;;;;;;;;;;;;;;;;;;;
;;;;;;;;;;;;;;;;;;;;;;;;;
;;;;;;;;;;;;;;;;;;;;;;;;;
;;;;;;;;;;;;;;;;;;;;;;;;;
;;;;;;;;;;;;;;;;;;;;;;;;;
;;;;;;;;;;;;;;;;;;;;;;;;;
;;;;;;;;;;;;;;;;;;;;;;;;;
;;;;;;;;;;;;;;;;;;;;;;;;;
;;;;;;;;;;;;;;;;;;;;;;;;;
;;;;;;;;;;;;;;;;;;;;;;;;;
;;;;;;;;;;;;;;;;;;;;;;;;;
;;;;;;;;;;;;;;;;;;;;;;;;;
;;;;;;;;;;;;;;;;;;;;;;;;;
;;;;;;;;;;;;;;;;;;;;;;;;;
;;;;;;;;;;;;;;;;;;;;;;;;;
;;;;;;;;;;;;;;;;;;;;;;;;;
;;;;;;;;;;;;;;;;;;;;;;;;;
;;;;;;;;;;;;;;;;;;;;;;;;;
;;;;;;;;;;;;;;;;;;;;;;;;;
;;;;;;;;;;;;;;;;;;;;;;;;;
;;;;;;;;;;;;;;;;;;;;;;;;;
;;;;;;;;;;;;;;;;;;;;;;;;;
;;;;;;;;;;;;;;;;;;;;;;;;;
;;;;;;;;;;;;;;;;;;;;;;;;;
;;;;;;;;;;;;;;;;;;;;;;;;;
;;;;;;;;;;;;;;;;;;;;;;;;;
;;;;;;;;;;;;;;;;;;;;;;;;;
;;;;;;;;;;;;;;;;;;;;;;;;;
;;;;;;;;;;;;;;;;;;;;;;;;;
;;;;;;;;;;;;;;;;;;;;;;;;;
;;;;;;;;;;;;;;;;;;;;;;;;;
;;;;;;;;;;;;;;;;;;;;;;;;;
;;;;;;;;;;;;;;;;;;;;;;;;;
;;;;;;;;;;;;;;;;;;;;;;;;;
;;;;;;;;;;;;;;;;;;;;;;;;;
;;;;;;;;;;;;;;;;;;;;;;;;;
;;;;;;;;;;;;;;;;;;;;;;;;;
;;;;;;;;;;;;;;;;;;;;;;;;;
;;;;;;;;;;;;;;;;;;;;;;;;;
;;;;;;;;;;;;;;;;;;;;;;;;;
;;;;;;;;;;;;;;;;;;;;;;;;;
;;;;;;;;;;;;;;;;;;;;;;;;;
;;;;;;;;;;;;;;;;;;;;;;;;;
;;;;;;;;;;;;;;;;;;;;;;;;;
;;;;;;;;;;;;;;;;;;;;;;;;;
;;;;;;;;;;;;;;;;;;;;;;;;;
;;;;;;;;;;;;;;;;;;;;;;;;;
;;;;;;;;;;;;;;;;;;;;;;;;;
;;;;;;;;;;;;;;;;;;;;;;;;;
;;;;;;;;;;;;;;;;;;;;;;;;;
;;;;;;;;;;;;;;;;;;;;;;;;;
;;;;;;;;;;;;;;;;;;;;;;;;;
;;;;;;;;;;;;;;;;;;;;;;;;;
;;;;;;;;;;;;;;;;;;;;;;;;;
;;;;;;;;;;;;;;;;;;;;;;;;;
;;;;;;;;;;;;;;;;;;;;;;;;;
;;;;;;;;;;;;;;;;;;;;;;;;;
;;;;;;;;;;;;;;;;;;;;;;;;;
;;;;;;;;;;;;;;;;;;;;;;;;;
;;;;;;;;;;;;;;;;;;;;;;;;;
;;;;;;;;;;;;;;;;;;;;;;;;;
;;;;;;;;;;;;;;;;;;;;;;;;;
;;;;;;;;;;;;;;;;;;;;;;;;;
;;;;;;;;;;;;;;;;;;;;;;;;;
;;;;;;;;;;;;;;;;;;;;;;;;;
;;;;;;;;;;;;;;;;;;;;;;;;;
;;;;;;;;;;;;;;;;;;;;;;;;;
;;;;;;;;;;;;;;;;;;;;;;;;;
;;;;;;;;;;;;;;;;;;;;;;;;;
;;;;;;;;;;;;;;;;;;;;;;;;;
;;;;;;;;;;;;;;;;;;;;;;;;;
;;;;;;;;;;;;;;;;;;;;;;;;;
;;;;;;;;;;;;;;;;;;;;;;;;;
;;;;;;;;;;;;;;;;;;;;;;;;;
;;;;;;;;;;;;;;;;;;;;;;;;;
;;;;;;;;;;;;;;;;;;;;;;;;;
;;;;;;;;;;;;;;;;;;;;;;;;;
;;;;;;;;;;;;;;;;;;;;;;;;;
;;;;;;;;;;;;;;;;;;;;;;;;;
;;;;;;;;;;;;;;;;;;;;;;;;;
;;;;;;;;;;;;;;;;;;;;;;;;;
;;;;;;;;;;;;;;;;;;;;;;;;;
;;;;;;;;;;;;;;;;;;;;;;;;;
;;;;;;;;;;;;;;;;;;;;;;;;;
;;;;;;;;;;;;;;;;;;;;;;;;;
;;;;;;;;;;;;;;;;;;;;;;;;;
;;;;;;;;;;;;;;;;;;;;;;;;;
;;;;;;;;;;;;;;;;;;;;;;;;;
;;;;;;;;;;;;;;;;;;;;;;;;;
;;;;;;;;;;;;;;;;;;;;;;;;;
;;;;;;;;;;;;;;;;;;;;;;;;;
;;;;;;;;;;;;;;;;;;;;;;;;;
;;;;;;;;;;;;;;;;;;;;;;;;;
;;;;;;;;;;;;;;;;;;;;;;;;;
;;;;;;;;;;;;;;;;;;;;;;;;;
;;;;;;;;;;;;;;;;;;;;;;;;;
;;;;;;;;;;;;;;;;;;;;;;;;;
;;;;;;;;;;;;;;;;;;;;;;;;;
;;;;;;;;;;;;;;;;;;;;;;;;;
;;;;;;;;;;;;;;;;;;;;;;;;;
;;;;;;;;;;;;;;;;;;;;;;;;;
;;;;;;;;;;;;;;;;;;;;;;;;;
;;;;;;;;;;;;;;;;;;;;;;;;;
;;;;;;;;;;;;;;;;;;;;;;;;;
;;;;;;;;;;;;;;;;;;;;;;;;;
;;;;;;;;;;;;;;;;;;;;;;;;;
;;;;;;;;;;;;;;;;;;;;;;;;;
;;;;;;;;;;;;;;;;;;;;;;;;;
;;;;;;;;;;;;;;;;;;;;;;;;;
;;;;;;;;;;;;;;;;;;;;;;;;;
;;;;;;;;;;;;;;;;;;;;;;;;;
;;;;;;;;;;;;;;;;;;;;;;;;;
;;;;;;;;;;;;;;;;;;;;;;;;;
;;;;;;;;;;;;;;;;;;;;;;;;;
;;;;;;;;;;;;;;;;;;;;;;;;;
;;;;;;;;;;;;;;;;;;;;;;;;;
;;;;;;;;;;;;;;;;;;;;;;;;;
;;;;;;;;;;;;;;;;;;;;;;;;;
;;;;;;;;;;;;;;;;;;;;;;;;;
;;;;;;;;;;;;;;;;;;;;;;;;;
;;;;;;;;;;;;;;;;;;;;;;;;;
;;;;;;;;;;;;;;;;;;;;;;;;;
;;;;;;;;;;;;;;;;;;;;;;;;;
;;;;;;;;;;;;;;;;;;;;;;;;;
;;;;;;;;;;;;;;;;;;;;;;;;;
;;;;;;;;;;;;;;;;;;;;;;;;;
;;;;;;;;;;;;;;;;;;;;;;;;;
;;;;;;;;;;;;;;;;;;;;;;;;;
;;;;;;;;;;;;;;;;;;;;;;;;;
;;;;;;;;;;;;;;;;;;;;;;;;;
;;;;;;;;;;;;;;;;;;;;;;;;;
;;;;;;;;;;;;;;;;;;;;;;;;;
;;;;;;;;;;;;;;;;;;;;;;;;;
;;;;;;;;;;;;;;;;;;;;;;;;;
;;;;;;;;;;;;;;;;;;;;;;;;;
;;;;;;;;;;;;;;;;;;;;;;;;;
;;;;;;;;;;;;;;;;;;;;;;;;;
;;;;;;;;;;;;;;;;;;;;;;;;;
;;;;;;;;;;;;;;;;;;;;;;;;;
;;;;;;;;;;;;;;;;;;;;;;;;;
;;;;;;;;;;;;;;;;;;;;;;;;;
;;;;;;;;;;;;;;;;;;;;;;;;;
;;;;;;;;;;;;;;;;;;;;;;;;;
;;;;;;;;;;;;;;;;;;;;;;;;;
;;;;;;;;;;;;;;;;;;;;;;;;;
;;;;;;;;;;;;;;;;;;;;;;;;;
;;;;;;;;;;;;;;;;;;;;;;;;;
;;;;;;;;;;;;;;;;;;;;;;;;;
;;;;;;;;;;;;;;;;;;;;;;;;;
;;;;;;;;;;;;;;;;;;;;;;;;;
;;;;;;;;;;;;;;;;;;;;;;;;;
;;;;;;;;;;;;;;;;;;;;;;;;;
;;;;;;;;;;;;;;;;;;;;;;;;;
;;;;;;;;;;;;;;;;;;;;;;;;;
;;;;;;;;;;;;;;;;;;;;;;;;;
;;;;;;;;;;;;;;;;;;;;;;;;;
;;;;;;;;;;;;;;;;;;;;;;;;;
;;;;;;;;;;;;;;;;;;;;;;;;;
;;;;;;;;;;;;;;;;;;;;;;;;;
;;;;;;;;;;;;;;;;;;;;;;;;;
;;;;;;;;;;;;;;;;;;;;;;;;;
;;;;;;;;;;;;;;;;;;;;;;;;;
;;;;;;;;;;;;;;;;;;;;;;;;;
;;;;;;;;;;;;;;;;;;;;;;;;;
;;;;;;;;;;;;;;;;;;;;;;;;;
;;;;;;;;;;;;;;;;;;;;;;;;;
;;;;;;;;;;;;;;;;;;;;;;;;;
;;;;;;;;;;;;;;;;;;;;;;;;;
;;;;;;;;;;;;;;;;;;;;;;;;;
;;;;;;;;;;;;;;;;;;;;;;;;;
;;;;;;;;;;;;;;;;;;;;;;;;;
;;;;;;;;;;;;;;;;;;;;;;;;;
;;;;;;;;;;;;;;;;;;;;;;;;;
;;;;;;;;;;;;;;;;;;;;;;;;;
;;;;;;;;;;;;;;;;;;;;;;;;;
;;;;;;;;;;;;;;;;;;;;;;;;;
;;;;;;;;;;;;;;;;;;;;;;;;;
;;;;;;;;;;;;;;;;;;;;;;;;;
;;;;;;;;;;;;;;;;;;;;;;;;;
;;;;;;;;;;;;;;;;;;;;;;;;;
;;;;;;;;;;;;;;;;;;;;;;;;;
;;;;;;;;;;;;;;;;;;;;;;;;;
;;;;;;;;;;;;;;;;;;;;;;;;;
;;;;;;;;;;;;;;;;;;;;;;;;;
;;;;;;;;;;;;;;;;;;;;;;;;;
;;;;;;;;;;;;;;;;;;;;;;;;;
;;;;;;;;;;;;;;;;;;;;;;;;;
;;;;;;;;;;;;;;;;;;;;;;;;;
;;;;;;;;;;;;;;;;;;;;;;;;;
;;;;;;;;;;;;;;;;;;;;;;;;;
;;;;;;;;;;;;;;;;;;;;;;;;;
;;;;;;;;;;;;;;;;;;;;;;;;;
;;;;;;;;;;;;;;;;;;;;;;;;;
;;;;;;;;;;;;;;;;;;;;;;;;;
;;;;;;;;;;;;;;;;;;;;;;;;;
;;;;;;;;;;;;;;;;;;;;;;;;;
;;;;;;;;;;;;;;;;;;;;;;;;;
;;;;;;;;;;;;;;;;;;;;;;;;;
;;;;;;;;;;;;;;;;;;;;;;;;;
;;;;;;;;;;;;;;;;;;;;;;;;;
;;;;;;;;;;;;;;;;;;;;;;;;;
;;;;;;;;;;;;;;;;;;;;;;;;;
;;;;;;;;;;;;;;;;;;;;;;;;;
;;;;;;;;;;;;;;;;;;;;;;;;;
;;;;;;;;;;;;;;;;;;;;;;;;;
;;;;;;;;;;;;;;;;;;;;;;;;;
;;;;;;;;;;;;;;;;;;;;;;;;;
;;;;;;;;;;;;;;;;;;;;;;;;;
;;;;;;;;;;;;;;;;;;;;;;;;;
;;;;;;;;;;;;;;;;;;;;;;;;;
;;;;;;;;;;;;;;;;;;;;;;;;;
;;;;;;;;;;;;;;;;;;;;;;;;;
;;;;;;;;;;;;;;;;;;;;;;;;;
;;;;;;;;;;;;;;;;;;;;;;;;;
;;;;;;;;;;;;;;;;;;;;;;;;;
;;;;;;;;;;;;;;;;;;;;;;;;;
;;;;;;;;;;;;;;;;;;;;;;;;;
;;;;;;;;;;;;;;;;;;;;;;;;;
;;;;;;;;;;;;;;;;;;;;;;;;;
;;;;;;;;;;;;;;;;;;;;;;;;;
;;;;;;;;;;;;;;;;;;;;;;;;;
;;;;;;;;;;;;;;;;;;;;;;;;;
;;;;;;;;;;;;;;;;;;;;;;;;;
;;;;;;;;;;;;;;;;;;;;;;;;;
;;;;;;;;;;;;;;;;;;;;;;;;;
;;;;;;;;;;;;;;;;;;;;;;;;;
;;;;;;;;;;;;;;;;;;;;;;;;;
;;;;;;;;;;;;;;;;;;;;;;;;;
;;;;;;;;;;;;;;;;;;;;;;;;;
;;;;;;;;;;;;;;;;;;;;;;;;;
;;;;;;;;;;;;;;;;;;;;;;;;;
;;;;;;;;;;;;;;;;;;;;;;;;;
;;;;;;;;;;;;;;;;;;;;;;;;;
;;;;;;;;;;;;;;;;;;;;;;;;;
;;;;;;;;;;;;;;;;;;;;;;;;;
;;;;;;;;;;;;;;;;;;;;;;;;;
;;;;;;;;;;;;;;;;;;;;;;;;;
;;;;;;;;;;;;;;;;;;;;;;;;;
;;;;;;;;;;;;;;;;;;;;;;;;;
;;;;;;;;;;;;;;;;;;;;;;;;;
;;;;;;;;;;;;;;;;;;;;;;;;;
;;;;;;;;;;;;;;;;;;;;;;;;;
;;;;;;;;;;;;;;;;;;;;;;;;;
;;;;;;;;;;;;;;;;;;;;;;;;;
;;;;;;;;;;;;;;;;;;;;;;;;;
;;;;;;;;;;;;;;;;;;;;;;;;;
;;;;;;;;;;;;;;;;;;;;;;;;;
;;;;;;;;;;;;;;;;;;;;;;;;;
;;;;;;;;;;;;;;;;;;;;;;;;;
;;;;;;;;;;;;;;;;;;;;;;;;;
;;;;;;;;;;;;;;;;;;;;;;;;;
;;;;;;;;;;;;;;;;;;;;;;;;;
;;;;;;;;;;;;;;;;;;;;;;;;;
;;;;;;;;;;;;;;;;;;;;;;;;;
;;;;;;;;;;;;;;;;;;;;;;;;;
;;;;;;;;;;;;;;;;;;;;;;;;;
;;;;;;;;;;;;;;;;;;;;;;;;;
;;;;;;;;;;;;;;;;;;;;;;;;;
;;;;;;;;;;;;;;;;;;;;;;;;;
;;;;;;;;;;;;;;;;;;;;;;;;;
;;;;;;;;;;;;;;;;;;;;;;;;;
;;;;;;;;;;;;;;;;;;;;;;;;;
;;;;;;;;;;;;;;;;;;;;;;;;;
;;;;;;;;;;;;;;;;;;;;;;;;;
;;;;;;;;;;;;;;;;;;;;;;;;;
;;;;;;;;;;;;;;;;;;;;;;;;;
;;;;;;;;;;;;;;;;;;;;;;;;;
;;;;;;;;;;;;;;;;;;;;;;;;;
;;;;;;;;;;;;;;;;;;;;;;;;;
;;;;;;;;;;;;;;;;;;;;;;;;;
;;;;;;;;;;;;;;;;;;;;;;;;;
;;;;;;;;;;;;;;;;;;;;;;;;;
;;;;;;;;;;;;;;;;;;;;;;;;;
;;;;;;;;;;;;;;;;;;;;;;;;;
;;;;;;;;;;;;;;;;;;;;;;;;;
;;;;;;;;;;;;;;;;;;;;;;;;;
;;;;;;;;;;;;;;;;;;;;;;;;;
;;;;;;;;;;;;;;;;;;;;;;;;;
;;;;;;;;;;;;;;;;;;;;;;;;;
;;;;;;;;;;;;;;;;;;;;;;;;;
;;;;;;;;;;;;;;;;;;;;;;;;;
;;;;;;;;;;;;;;;;;;;;;;;;;
;;;;;;;;;;;;;;;;;;;;;;;;;
;;;;;;;;;;;;;;;;;;;;;;;;;
;;;;;;;;;;;;;;;;;;;;;;;;;
;;;;;;;;;;;;;;;;;;;;;;;;;
;;;;;;;;;;;;;;;;;;;;;;;;;
;;;;;;;;;;;;;;;;;;;;;;;;;
;;;;;;;;;;;;;;;;;;;;;;;;;
;;;;;;;;;;;;;;;;;;;;;;;;;
;;;;;;;;;;;;;;;;;;;;;;;;;
;;;;;;;;;;;;;;;;;;;;;;;;;
;;;;;;;;;;;;;;;;;;;;;;;;;
;;;;;;;;;;;;;;;;;;;;;;;;;
;;;;;;;;;;;;;;;;;;;;;;;;;
;;;;;;;;;;;;;;;;;;;;;;;;;
;;;;;;;;;;;;;;;;;;;;;;;;;
;;;;;;;;;;;;;;;;;;;;;;;;;
;;;;;;;;;;;;;;;;;;;;;;;;;
;;;;;;;;;;;;;;;;;;;;;;;;;
;;;;;;;;;;;;;;;;;;;;;;;;;
;;;;;;;;;;;;;;;;;;;;;;;;;
;;;;;;;;;;;;;;;;;;;;;;;;;
;;;;;;;;;;;;;;;;;;;;;;;;;
;;;;;;;;;;;;;;;;;;;;;;;;;
;;;;;;;;;;;;;;;;;;;;;;;;;
;;;;;;;;;;;;;;;;;;;;;;;;;
;;;;;;;;;;;;;;;;;;;;;;;;;
;;;;;;;;;;;;;;;;;;;;;;;;;
;;;;;;;;;;;;;;;;;;;;;;;;;
;;;;;;;;;;;;;;;;;;;;;;;;;
;;;;;;;;;;;;;;;;;;;;;;;;;
;;;;;;;;;;;;;;;;;;;;;;;;;
;;;;;;;;;;;;;;;;;;;;;;;;;
;;;;;;;;;;;;;;;;;;;;;;;;;
;;;;;;;;;;;;;;;;;;;;;;;;;
;;;;;;;;;;;;;;;;;;;;;;;;;
;;;;;;;;;;;;;;;;;;;;;;;;;
;;;;;;;;;;;;;;;;;;;;;;;;;
;;;;;;;;;;;;;;;;;;;;;;;;;
;;;;;;;;;;;;;;;;;;;;;;;;;
;;;;;;;;;;;;;;;;;;;;;;;;;
;;;;;;;;;;;;;;;;;;;;;;;;;
;;;;;;;;;;;;;;;;;;;;;;;;;
;;;;;;;;;;;;;;;;;;;;;;;;;
;;;;;;;;;;;;;;;;;;;;;;;;;
;;;;;;;;;;;;;;;;;;;;;;;;;
;;;;;;;;;;;;;;;;;;;;;;;;;
;;;;;;;;;;;;;;;;;;;;;;;;;
;;;;;;;;;;;;;;;;;;;;;;;;;
;;;;;;;;;;;;;;;;;;;;;;;;;
;;;;;;;;;;;;;;;;;;;;;;;;;
;;;;;;;;;;;;;;;;;;;;;;;;;
;;;;;;;;;;;;;;;;;;;;;;;;;
;;;;;;;;;;;;;;;;;;;;;;;;;
;;;;;;;;;;;;;;;;;;;;;;;;;
;;;;;;;;;;;;;;;;;;;;;;;;;
;;;;;;;;;;;;;;;;;;;;;;;;;
;;;;;;;;;;;;;;;;;;;;;;;;;
;;;;;;;;;;;;;;;;;;;;;;;;;
;;;;;;;;;;;;;;;;;;;;;;;;;
;;;;;;;;;;;;;;;;;;;;;;;;;
;;;;;;;;;;;;;;;;;;;;;;;;;
;;;;;;;;;;;;;;;;;;;;;;;;;
;;;;;;;;;;;;;;;;;;;;;;;;;
;;;;;;;;;;;;;;;;;;;;;;;;;
;;;;;;;;;;;;;;;;;;;;;;;;;
;;;;;;;;;;;;;;;;;;;;;;;;;
;;;;;;;;;;;;;;;;;;;;;;;;;
;;;;;;;;;;;;;;;;;;;;;;;;;
;;;;;;;;;;;;;;;;;;;;;;;;;
;;;;;;;;;;;;;;;;;;;;;;;;;
;;;;;;;;;;;;;;;;;;;;;;;;;
;;;;;;;;;;;;;;;;;;;;;;;;;
;;;;;;;;;;;;;;;;;;;;;;;;;
;;;;;;;;;;;;;;;;;;;;;;;;;
;;;;;;;;;;;;;;;;;;;;;;;;;
;;;;;;;;;;;;;;;;;;;;;;;;;
;;;;;;;;;;;;;;;;;;;;;;;;;
;;;;;;;;;;;;;;;;;;;;;;;;;
;;;;;;;;;;;;;;;;;;;;;;;;;
;;;;;;;;;;;;;;;;;;;;;;;;;
;;;;;;;;;;;;;;;;;;;;;;;;;
;;;;;;;;;;;;;;;;;;;;;;;;;
